Serial No.,GRE Score,TOEFL Score,University Rating,SOP,LOR,CGPA,Research,Chance of Admit
1,305,106,3,3.3,2.5,9.11,0,0.61
2,339,97,3,3.0,4.6,9.07,1,0.83
3,326,102,5,2.8,3.8,6.16,0,0.55
4,315,103,2,3.1,4.7,7.45,1,0.78
5,285,103,4,5.0,3.7,7.34,1,0.97
6,331,114,2,4.9,2.2,7.17,1,0.84
7,329,83,4,2.9,4.8,6.06,1,0.72
8,281,106,4,4.7,2.7,8.98,1,0.82
9,285,93,5,3.3,4.1,7.15,0,0.96
10,286,111,2,2.4,3.4,8.43,1,0.95
11,332,92,5,5.0,2.2,6.72,0,0.71
12,296,118,1,4.8,2.2,9.58,1,0.99
13,336,104,4,4.5,4.0,9.45,0,0.77
14,328,102,1,5.0,4.9,8.3,1,0.55
15,313,111,5,3.5,3.5,6.18,0,0.87
16,325,108,5,3.1,2.4,9.82,0,0.74
17,311,91,3,3.8,4.1,6.27,0,0.76
18,292,92,2,2.3,3.0,7.84,1,0.51
19,301,115,3,4.4,4.0,8.46,1,0.69
20,285,88,2,2.6,3.3,8.27,1,0.98
21,332,89,2,2.6,4.1,9.74,0,0.83
22,284,98,2,5.0,3.0,6.06,0,0.64
23,283,96,1,3.3,4.7,8.71,1,0.74
24,318,102,4,3.7,2.3,8.25,0,0.52
25,288,100,3,3.5,4.0,9.06,0,0.75
26,295,87,4,4.2,3.6,7.73,1,0.59
27,307,94,5,3.6,4.2,7.95,1,0.91
28,339,111,4,3.8,2.3,9.58,1,0.83
29,337,87,2,3.1,4.2,6.03,0,1.0
30,330,90,1,3.1,2.5,9.38,1,0.64
31,314,116,2,4.4,5.0,9.94,1,0.62
32,308,99,4,3.6,2.1,7.58,0,0.77
33,289,106,3,4.2,3.6,9.95,1,0.83
34,318,113,1,5.0,2.9,9.87,1,0.79
35,337,83,3,4.5,2.1,7.87,1,0.71
36,291,90,3,3.5,2.4,8.97,1,0.72
37,313,116,1,4.3,4.5,7.45,1,0.66
38,292,95,2,4.7,4.5,9.99,1,0.8
39,319,113,3,3.0,3.5,6.01,0,0.81
40,304,87,1,3.9,2.5,9.89,1,0.89
41,299,105,3,3.7,2.3,7.08,1,0.69
42,281,117,3,4.9,2.2,9.93,1,0.88
43,307,105,5,2.2,4.3,8.21,1,0.58
44,328,118,5,3.1,3.4,7.46,1,0.57
45,311,80,4,3.6,4.9,6.71,0,0.58
46,288,85,2,2.5,4.2,7.9,1,0.98
47,291,108,1,3.1,4.4,9.33,0,0.94
48,287,104,3,3.9,3.7,6.5,1,0.54
49,287,114,1,2.3,4.1,9.43,0,0.89
50,288,113,2,2.7,3.8,9.48,0,0.64
51,317,105,4,4.6,2.6,6.35,1,0.87
52,297,101,5,2.0,2.8,6.2,0,0.9
53,337,87,2,3.6,2.6,9.52,1,0.81
54,328,83,4,3.4,3.3,6.37,1,0.93
55,318,117,5,3.5,2.5,6.98,1,0.62
56,302,115,5,2.4,2.5,6.81,1,0.52
57,302,120,5,4.9,2.2,6.34,1,0.78
58,313,97,1,4.8,2.7,9.15,1,0.87
59,313,100,5,3.5,2.7,9.81,1,0.72
60,296,113,1,2.9,4.9,8.66,0,0.63
61,319,88,4,2.8,5.0,6.57,0,0.79
62,285,97,3,4.3,2.8,6.33,0,1.0
63,336,103,4,4.2,4.9,9.34,0,0.5
64,311,108,3,3.8,3.3,9.63,1,0.55
65,290,110,4,3.2,3.1,9.1,1,0.95
66,317,95,2,3.6,4.8,7.34,0,0.73
67,317,100,3,2.5,4.1,8.11,0,0.89
68,322,98,3,3.1,2.1,7.68,0,0.53
69,306,100,4,2.5,3.1,8.96,0,0.93
70,325,85,3,3.2,3.1,7.6,0,0.58
71,333,92,3,3.0,4.5,8.31,1,0.83
72,338,83,5,2.6,2.1,9.18,1,0.8
73,306,111,5,4.5,3.1,6.86,0,0.82
74,289,102,1,5.0,4.8,6.17,0,0.73
75,329,118,3,3.0,2.3,6.94,1,0.5
76,296,91,1,3.0,3.0,9.74,1,0.87
77,280,109,3,4.6,4.1,9.37,0,0.69
78,288,109,5,3.6,4.9,7.5,1,0.94
79,290,116,4,3.2,3.7,9.9,1,0.94
80,316,115,1,2.5,2.8,6.04,0,0.69
81,301,85,5,4.1,4.3,8.91,1,0.78
82,319,82,1,3.8,2.5,6.86,0,0.9
83,337,81,1,4.2,4.8,9.21,1,0.82
84,301,87,5,3.9,2.9,8.57,0,0.63
85,337,86,5,4.3,4.4,7.34,0,0.84
86,306,113,3,4.5,3.7,8.01,1,0.72
87,338,94,4,4.1,4.0,7.92,0,0.64
88,298,116,3,4.2,3.2,6.05,0,0.64
89,285,92,1,4.8,4.1,6.87,0,0.74
90,306,83,1,3.5,4.2,6.62,1,0.65
91,289,90,1,3.6,2.1,9.63,0,0.78
92,303,90,4,2.9,3.0,9.69,0,0.83
93,323,88,2,2.5,2.5,6.13,0,0.99
94,325,89,1,2.6,4.9,8.38,0,0.7
95,308,87,5,3.0,4.3,8.24,1,0.57
96,330,119,3,3.9,2.5,8.09,0,0.87
97,317,105,3,2.5,3.6,9.1,0,0.77
98,290,106,4,2.3,3.5,6.69,1,0.87
99,317,113,5,4.4,2.1,6.28,0,0.74
100,322,91,2,2.4,4.3,8.81,0,0.59
101,331,113,4,2.6,2.2,8.24,0,0.75
102,300,86,5,3.9,4.9,8.89,0,0.81
103,293,99,1,4.6,3.6,6.96,1,0.52
104,336,100,5,4.1,2.4,6.58,0,0.67
105,305,89,5,2.4,3.5,9.42,1,0.78
106,282,106,2,3.5,4.6,9.62,1,0.73
107,306,81,1,4.0,4.9,6.82,1,0.96
108,289,95,4,2.0,3.3,6.56,0,0.61
109,325,85,3,2.1,4.6,6.44,0,0.71
110,338,119,2,3.3,4.6,7.63,0,0.62
111,331,85,4,3.2,4.1,8.05,1,0.78
112,312,111,2,3.7,2.1,8.92,1,0.68
113,296,120,5,2.8,3.9,6.14,0,0.74
114,333,106,1,3.5,2.8,8.52,1,0.74
115,297,87,3,2.3,2.9,9.59,0,0.87
116,300,102,5,4.5,4.4,6.02,0,0.9
117,288,120,5,4.5,2.5,8.03,0,0.74
118,322,97,5,3.5,4.1,9.55,0,0.8
119,305,113,4,3.7,3.9,6.73,0,0.65
120,328,93,1,2.6,3.8,9.36,0,1.0
121,320,83,2,4.9,4.7,7.77,1,0.67
122,303,113,3,3.1,3.6,6.37,0,0.6
123,317,98,4,4.6,4.3,9.92,1,0.65
124,284,100,4,2.8,3.3,7.97,1,0.89
125,325,109,1,2.4,4.6,9.43,1,0.65
126,293,81,2,3.5,3.2,6.67,0,0.53
127,317,87,2,2.2,3.4,8.22,1,0.9
128,334,104,4,3.3,4.6,8.34,1,0.6
129,323,98,4,4.0,4.7,8.99,0,0.74
130,314,107,4,4.0,4.1,9.13,1,0.93
131,334,84,3,2.4,3.3,8.02,1,0.81
132,282,109,5,4.4,4.3,7.86,1,0.74
133,303,100,1,4.6,4.2,6.95,0,0.63
134,331,96,2,4.4,3.1,6.75,1,0.69
135,298,96,1,2.4,3.6,7.92,0,0.99
136,319,98,3,2.8,3.0,9.25,0,0.83
137,303,107,5,2.7,3.7,9.82,0,0.99
138,299,98,4,2.4,3.3,9.18,1,0.97
139,314,113,2,2.3,3.7,9.96,0,0.85
140,296,82,1,4.7,2.4,8.72,1,0.91
141,338,106,3,2.1,4.2,8.65,1,0.68
142,331,100,3,3.8,3.3,7.58,0,0.59
143,288,102,3,3.5,2.1,6.88,0,0.6
144,305,110,1,4.3,4.8,8.47,1,0.79
145,313,106,2,2.8,2.0,9.21,1,0.85
146,308,95,5,3.0,4.1,9.04,1,0.67
147,318,120,2,3.5,3.4,8.97,0,0.67
148,329,87,2,3.2,5.0,8.18,0,0.63
149,333,118,3,3.4,3.3,9.94,0,0.63
150,319,103,1,3.3,3.8,6.3,0,0.99
151,298,115,1,4.5,4.7,9.48,1,0.61
152,314,87,3,4.2,2.2,7.93,0,0.77
153,334,96,5,4.7,2.7,9.68,1,0.98
154,295,98,4,4.3,2.7,9.51,0,0.53
155,295,102,5,3.6,4.2,7.2,0,0.69
156,295,101,1,3.4,3.5,8.06,1,0.57
157,317,119,1,2.9,3.2,6.33,0,0.87
158,293,99,4,4.8,2.4,8.27,0,0.6
159,299,111,1,3.8,4.7,8.48,0,0.95
160,321,90,5,3.3,4.9,9.89,1,0.6
161,328,94,4,4.0,3.3,9.86,1,0.51
162,291,94,1,2.2,3.8,8.42,1,0.64
163,317,86,5,3.9,4.4,7.13,0,0.56
164,306,85,2,3.6,2.2,6.59,1,0.55
165,336,80,1,4.9,4.3,9.71,1,0.91
166,284,102,5,2.5,4.5,7.08,0,0.74
167,316,81,3,2.9,3.1,9.5,0,0.67
168,334,86,5,4.5,4.0,9.47,1,0.53
169,296,91,1,3.5,2.6,8.92,1,0.61
170,326,109,3,3.2,3.5,9.2,0,0.92
171,305,99,4,2.5,4.3,6.5,1,0.97
172,299,89,5,3.6,5.0,6.51,1,0.69
173,299,100,1,4.1,3.4,6.09,1,0.56
174,323,115,1,3.6,4.1,7.02,0,0.65
175,300,112,1,3.3,4.8,6.64,0,0.55
176,335,87,4,3.3,3.0,9.36,1,0.7
177,329,91,4,3.5,4.8,8.44,0,0.95
178,290,109,2,2.8,2.6,7.13,1,0.72
179,304,92,2,4.3,3.1,7.59,1,0.96
180,302,91,3,4.7,3.0,6.47,0,0.98
181,318,98,4,3.5,3.0,9.75,0,0.64
182,317,101,4,4.3,2.9,6.31,0,0.99
183,316,81,5,3.8,3.4,8.12,0,0.83
184,335,91,5,4.0,3.5,7.84,0,0.78
185,317,104,3,4.9,4.2,6.61,0,0.51
186,282,84,2,3.0,2.1,6.59,0,1.0
187,308,93,1,2.2,3.0,8.0,1,0.98
188,320,114,5,2.8,4.5,7.84,1,0.67
189,334,109,2,4.7,3.0,9.1,0,0.91
190,312,92,4,3.0,3.6,8.55,1,0.78
191,321,91,4,4.9,2.0,6.27,1,0.95
192,284,84,3,3.9,2.2,8.46,1,0.64
193,305,119,5,2.2,4.8,9.82,0,0.73
194,319,83,5,4.5,4.1,8.41,1,0.66
195,289,89,4,3.6,4.9,6.84,0,0.82
196,281,113,2,4.7,2.2,7.37,0,0.52
197,311,103,5,4.0,4.9,6.61,1,0.84
198,292,96,1,3.1,2.3,7.93,0,0.9
199,301,102,4,3.5,3.1,9.99,1,0.61
200,311,94,3,4.3,4.8,6.48,1,0.65
201,330,84,4,2.1,4.6,7.15,0,0.88
202,339,87,1,4.9,4.1,6.68,1,0.62
203,281,106,3,3.1,5.0,6.28,1,0.97
204,329,119,3,3.4,4.9,8.74,0,0.7
205,296,111,1,2.9,3.1,6.62,1,0.93
206,281,88,4,4.4,4.9,8.62,0,0.83
207,338,94,1,3.0,3.0,7.86,0,0.61
208,304,98,5,3.4,2.4,9.76,1,0.88
209,296,92,1,2.9,3.9,7.78,0,0.52
210,338,115,3,2.9,2.7,9.44,0,0.87
211,324,86,2,2.5,3.4,6.94,0,0.57
212,301,111,5,3.4,4.8,8.83,0,0.7
213,307,114,2,2.9,2.2,8.35,0,0.58
214,286,120,3,3.0,2.1,8.4,1,0.83
215,292,97,1,4.4,4.0,7.43,1,0.51
216,294,106,3,2.1,2.3,8.99,1,0.72
217,311,99,4,2.4,2.7,9.03,1,0.65
218,298,101,3,4.6,3.4,7.54,1,0.89
219,313,87,3,4.7,3.8,6.17,0,0.91
220,328,96,1,3.0,4.2,7.42,1,0.96
221,317,85,4,4.8,4.0,7.3,0,0.96
222,290,111,4,3.1,2.6,6.5,1,0.65
223,283,116,5,3.4,2.7,8.2,0,0.71
224,304,81,2,4.3,2.6,7.2,0,0.7
225,289,83,1,2.4,2.8,8.71,0,0.89
226,328,95,2,4.6,4.3,8.18,0,0.9
227,311,102,2,4.7,2.5,9.93,0,0.79
228,286,107,2,3.8,3.8,9.61,0,0.82
229,293,113,3,3.6,4.6,9.87,1,0.94
230,295,117,2,4.5,2.6,8.96,0,0.96
231,298,120,3,3.5,2.4,8.45,1,0.83
232,298,88,2,3.4,3.4,7.79,0,0.76
233,316,96,4,4.1,4.1,6.89,1,0.64
234,282,88,4,2.4,3.9,6.91,1,0.89
235,306,106,3,4.3,4.4,8.05,1,0.5
236,306,105,5,4.8,2.5,7.36,0,0.51
237,333,95,5,3.7,3.4,6.6,0,0.62
238,301,97,2,3.3,2.8,7.01,0,0.95
239,320,84,3,2.5,4.1,6.68,1,0.53
240,329,103,4,3.5,3.7,9.02,1,0.52
241,315,98,3,4.2,4.6,9.49,1,0.79
242,313,120,3,4.8,4.0,8.88,0,0.53
243,325,117,1,4.4,3.8,6.6,1,0.97
244,291,95,5,4.6,2.3,8.4,0,0.73
245,287,81,5,4.2,2.3,8.31,0,0.55
246,305,103,1,5.0,4.1,7.41,0,0.51
247,327,92,2,3.6,3.6,6.31,1,0.78
248,288,81,1,2.3,4.8,7.95,1,0.92
249,307,104,3,3.4,4.1,9.59,1,0.55
250,325,115,5,2.9,4.4,9.02,0,0.58
251,320,80,4,2.1,2.3,8.42,1,0.92
252,319,98,4,2.9,3.5,6.03,1,0.57
253,336,88,2,4.8,3.0,8.53,0,0.91
254,293,109,5,3.1,4.3,9.69,1,0.71
255,330,103,2,3.5,2.9,6.97,1,0.89
256,280,90,4,4.6,4.0,9.15,0,0.63
257,335,100,3,2.8,2.2,7.6,1,0.93
258,298,113,2,3.3,2.3,9.58,0,0.95
259,331,114,5,2.9,4.7,8.03,1,0.67
260,287,93,2,4.0,2.5,9.17,0,0.83
261,283,103,4,4.8,4.6,7.55,1,0.82
262,340,101,1,4.3,4.4,6.25,1,0.52
263,297,115,2,3.6,2.3,9.26,0,0.9
264,290,115,4,2.2,2.9,6.48,1,0.98
265,286,83,3,2.5,2.9,7.21,1,0.93
266,313,87,4,3.1,4.8,6.21,0,0.97
267,293,114,1,3.3,4.4,7.65,1,0.95
268,289,98,2,4.2,2.2,8.59,0,0.98
269,312,93,4,4.2,3.7,6.0,1,0.84
270,340,81,5,2.7,3.2,8.64,0,0.93
271,316,94,4,3.0,4.9,7.96,1,0.88
272,313,97,4,2.4,2.0,8.18,1,0.73
273,335,109,4,4.5,4.0,8.56,0,0.74
274,315,93,2,3.3,2.9,6.96,1,0.89
275,340,80,1,4.8,4.2,9.81,0,0.67
276,337,93,2,2.5,4.7,9.02,0,0.92
277,323,87,3,3.2,3.4,9.91,0,0.58
278,317,119,5,2.9,4.6,8.1,0,0.94
279,337,80,5,3.3,3.1,9.32,0,0.66
280,337,81,2,4.7,4.1,8.92,1,0.85
281,304,94,4,2.7,3.9,6.01,0,0.72
282,299,113,3,4.5,3.8,9.19,0,0.57
283,311,99,1,2.7,2.8,6.72,0,0.7
284,294,109,1,3.3,4.5,7.01,0,0.74
285,324,104,3,2.8,4.7,7.07,0,0.88
286,323,80,4,4.0,2.3,7.65,1,0.93
287,280,102,2,2.2,4.4,6.36,1,0.96
288,296,88,3,2.8,3.4,7.19,1,0.7
289,325,92,4,4.6,3.0,7.56,1,0.88
290,325,111,3,3.6,3.6,7.23,1,0.55
291,280,103,1,4.3,2.4,6.42,0,0.53
292,281,85,3,4.2,2.7,6.68,1,0.71
293,323,86,4,4.3,3.8,9.02,0,0.89
294,292,90,5,2.6,4.9,6.25,1,0.63
295,287,120,1,4.2,3.5,9.66,1,0.86
296,282,104,1,3.6,4.8,9.59,1,0.5
297,323,100,1,4.9,3.8,8.23,0,0.9
298,302,109,5,4.0,2.2,7.02,0,0.92
299,305,112,5,3.8,2.6,9.68,1,0.92
300,321,120,1,4.3,2.8,9.51,0,0.67
301,321,105,3,3.1,4.4,7.86,0,0.58
302,332,94,4,4.6,2.2,9.86,1,0.73
303,303,92,5,3.5,4.5,8.35,1,0.5
304,321,83,3,4.2,4.5,6.04,0,0.98
305,291,104,4,3.5,4.6,6.47,0,0.73
306,325,97,4,4.7,3.0,7.43,1,0.98
307,314,114,4,2.3,3.6,8.1,1,0.6
308,291,111,4,3.8,4.0,6.45,1,0.58
309,339,104,2,4.0,3.2,7.28,0,0.72
310,314,86,2,4.3,4.7,6.27,1,0.9
311,289,118,4,2.4,5.0,7.72,1,0.54
312,322,101,4,2.3,3.7,8.73,0,0.76
313,280,106,1,3.5,3.0,8.68,0,0.6
314,292,82,5,3.1,3.7,6.18,1,0.68
315,294,100,3,2.2,4.9,8.28,0,0.61
316,329,95,4,3.0,3.8,7.54,1,0.68
317,289,80,1,2.1,3.6,6.8,1,0.95
318,283,88,4,4.8,4.1,6.92,1,0.96
319,320,105,3,4.4,4.4,8.36,1,0.98
320,306,110,3,2.5,2.7,6.74,0,0.76
321,281,99,1,3.9,2.7,7.26,1,0.83
322,336,113,3,3.5,3.5,6.79,0,0.54
323,328,110,5,4.9,3.6,9.63,0,0.82
324,284,106,5,2.2,4.8,6.14,0,0.72
325,321,101,2,2.0,4.9,7.37,0,0.71
326,312,111,1,2.4,3.0,8.08,1,0.59
327,297,81,3,2.9,2.7,9.59,1,0.54
328,295,86,5,3.3,2.9,7.29,0,0.7
329,303,106,5,4.2,3.2,8.5,1,0.64
330,306,82,4,3.9,3.7,9.09,0,0.71
331,306,87,4,3.0,4.9,7.42,0,0.79
332,329,88,5,5.0,3.5,9.7,0,0.57
333,330,106,4,3.9,5.0,9.56,1,0.69
334,329,95,1,2.8,4.6,9.26,1,0.51
335,294,93,2,2.3,3.4,6.26,1,0.54
336,289,80,3,3.9,4.4,7.63,1,0.78
337,310,106,3,4.9,4.4,8.67,1,0.78
338,336,88,5,2.3,2.4,9.24,1,0.55
339,297,107,5,3.8,4.8,6.34,1,0.99
340,292,93,4,4.8,2.4,9.07,1,0.68
341,297,91,4,3.0,5.0,9.06,0,0.65
342,281,100,1,2.1,2.1,8.62,1,0.56
343,283,85,3,3.6,2.2,9.56,0,0.9
344,282,96,1,4.1,4.9,7.42,0,0.8
345,294,113,3,4.9,4.2,7.89,1,0.7
346,340,88,5,5.0,5.0,6.95,1,0.86
347,315,83,1,4.8,4.0,9.39,1,0.79
348,329,102,4,2.2,4.3,8.77,0,0.74
349,286,96,5,3.4,4.2,7.1,1,0.54
350,300,100,3,3.6,3.1,8.38,1,0.77
351,297,92,1,3.5,2.7,6.18,1,0.96
352,299,95,5,3.6,4.8,9.67,1,0.67
353,300,100,2,2.4,3.5,7.59,0,0.56
354,281,95,3,2.5,2.6,7.02,0,0.81
355,330,87,4,3.9,4.2,7.13,0,1.0
356,309,90,5,2.3,2.5,6.07,0,0.57
357,280,102,4,4.5,4.4,9.93,1,0.52
358,297,81,4,3.6,3.9,7.78,0,0.95
359,319,113,3,3.5,4.8,7.97,1,0.68
360,335,109,3,4.5,2.6,6.05,1,0.53
361,280,102,5,4.1,2.2,8.69,1,0.98
362,304,105,2,4.7,3.0,9.2,1,0.91
363,308,117,1,4.0,2.4,6.07,0,0.5
364,309,115,4,2.9,3.8,7.58,1,0.83
365,304,114,1,2.6,4.7,7.29,0,0.9
366,312,110,4,4.2,4.2,9.39,0,0.59
367,336,92,2,2.8,4.5,7.91,0,0.84
368,287,84,2,4.6,5.0,9.15,0,0.51
369,304,108,5,2.8,4.6,6.95,1,0.94
370,309,114,2,2.1,4.6,8.16,1,0.96
371,298,88,3,2.7,3.1,9.48,0,0.97
372,330,94,3,2.9,2.9,8.63,1,0.98
373,288,108,3,4.5,3.5,8.13,1,0.56
374,320,110,1,3.7,4.9,6.04,1,0.94
375,314,96,1,2.6,4.7,7.0,1,0.74
376,336,83,5,2.3,2.9,8.04,1,0.94
377,308,98,5,2.7,3.7,7.85,1,0.83
378,293,86,2,4.0,3.9,6.21,0,0.86
379,294,87,5,4.6,3.6,8.9,1,0.62
380,281,114,2,4.6,4.2,8.51,0,0.7
381,320,83,1,3.0,2.6,6.17,1,0.59
382,282,105,1,3.1,4.0,6.96,0,0.72
383,298,82,3,3.0,4.5,8.88,1,0.84
384,304,89,2,3.5,4.4,8.93,1,0.8
385,292,87,2,2.0,2.5,7.44,0,0.8
386,313,104,2,2.1,4.0,7.8,0,0.77
387,327,111,4,4.1,3.6,6.61,1,0.78
388,284,113,3,2.7,4.0,8.64,0,0.63
389,287,95,5,4.9,4.6,8.84,1,0.98
390,314,104,1,3.4,3.5,7.94,1,0.58
391,316,85,3,4.1,3.5,6.66,0,0.96
392,300,109,2,4.8,3.1,6.43,0,0.63
393,305,91,2,2.2,2.5,7.19,0,0.92
394,291,105,3,4.9,3.6,9.23,0,0.54
395,304,84,5,4.2,4.7,8.03,0,0.66
396,304,111,1,2.1,3.1,8.68,1,0.54
397,311,108,4,2.4,2.2,9.08,1,0.83
398,291,101,1,3.2,2.9,7.01,1,0.7
399,294,87,5,2.4,4.5,9.53,1,0.92
400,333,92,3,4.7,4.3,8.71,0,0.6
401,312,120,3,4.9,3.4,7.29,1,0.74
402,289,91,1,4.3,2.6,7.63,0,0.54
403,323,115,3,3.8,2.0,7.56,1,0.84
404,326,82,2,3.8,3.7,7.45,1,0.91
405,328,81,3,2.7,5.0,8.72,0,0.97
406,300,111,3,5.0,4.2,6.57,0,0.93
407,309,96,3,2.1,3.7,7.79,0,0.91
408,292,117,3,3.6,3.6,6.72,0,0.52
409,337,115,5,4.2,4.3,9.26,0,0.58
410,291,96,2,3.3,3.5,7.22,0,0.72
411,292,97,1,4.0,2.4,8.65,1,0.66
412,281,97,5,3.3,3.0,6.81,0,0.64
413,292,115,1,4.0,2.5,8.75,0,0.69
414,333,93,3,2.9,4.5,9.77,0,0.59
415,315,89,1,4.5,4.1,7.24,0,0.92
416,340,93,2,4.5,5.0,9.89,1,0.66
417,285,88,4,2.2,4.2,7.63,0,0.66
418,325,101,4,3.6,4.5,8.67,0,0.56
419,327,101,3,2.5,4.0,8.75,0,0.56
420,290,105,3,4.5,4.7,9.86,1,0.93
421,339,83,1,3.0,2.5,6.53,1,0.93
422,280,92,3,4.6,2.3,9.54,0,0.92
423,296,111,1,4.4,2.1,7.13,1,0.85
424,280,86,1,4.3,4.1,8.67,0,0.61
425,296,96,4,4.9,3.2,9.22,1,0.85
426,333,89,5,2.0,4.2,7.99,0,0.86
427,294,98,1,3.2,2.8,7.31,1,0.71
428,304,80,5,4.5,3.8,9.64,0,0.79
429,293,117,3,4.8,3.6,9.1,1,0.6
430,318,94,1,3.4,4.4,9.88,0,0.78
431,329,87,3,2.1,2.3,6.18,1,0.93
432,332,80,3,3.6,3.4,6.71,0,0.67
433,306,91,2,2.5,3.2,9.29,0,0.52
434,331,99,2,2.4,4.4,8.66,1,0.85
435,307,109,5,3.6,2.9,9.97,0,0.69
436,316,93,3,4.4,4.4,8.7,1,0.79
437,313,88,1,2.9,3.8,8.03,1,0.68
438,294,102,1,2.8,4.8,8.57,0,0.69
439,315,80,3,4.4,2.5,7.99,0,0.92
440,288,87,5,2.9,2.2,7.47,0,0.69
441,286,95,4,4.1,3.1,6.32,1,0.6
442,309,103,3,4.4,3.6,6.65,0,0.73
443,295,118,3,5.0,4.0,9.51,1,0.89
444,321,83,2,4.8,5.0,6.85,1,0.89
445,331,110,1,4.8,4.4,6.39,1,0.78
446,321,90,2,3.9,3.7,8.67,1,0.55
447,313,105,4,3.5,4.3,9.91,0,0.89
448,339,113,3,2.2,4.9,9.06,1,0.86
449,285,89,4,2.1,4.3,7.08,0,0.63
450,281,95,3,2.6,4.6,7.46,0,0.99
451,321,85,2,4.4,3.4,9.5,1,0.99
452,309,91,3,3.7,4.7,9.45,0,0.53
453,315,110,1,2.5,3.7,7.43,0,0.52
454,318,107,2,4.4,4.0,6.46,0,0.95
455,331,119,2,2.8,4.5,9.7,1,0.77
456,299,80,2,4.6,3.2,9.62,0,0.95
457,307,83,2,4.5,2.4,6.14,0,0.75
458,339,85,2,4.3,4.3,6.57,0,0.73
459,322,119,5,2.8,2.2,8.19,1,0.89
460,292,106,1,3.9,4.7,9.42,0,0.78
461,340,91,4,3.9,3.4,6.54,0,0.76
462,310,107,2,3.3,2.3,6.88,0,0.59
463,317,114,1,2.1,4.3,6.61,0,0.84
464,314,111,5,3.9,3.5,7.05,0,0.98
465,327,113,3,4.1,2.5,8.05,0,0.77
466,317,120,3,4.2,3.2,8.61,1,0.55
467,297,120,2,2.5,4.6,6.12,0,0.87
468,339,102,2,4.7,4.4,6.31,0,0.87
469,334,104,2,3.0,3.3,8.91,1,0.67
470,296,107,4,2.4,4.9,7.98,1,0.87
471,287,114,2,3.0,3.9,8.0,0,0.93
472,303,117,1,4.0,2.2,8.49,1,0.77
473,288,92,3,2.3,3.3,8.19,0,0.51
474,302,100,4,2.1,3.1,7.84,0,0.68
475,322,110,4,3.7,3.5,8.92,0,0.98
476,336,92,5,3.9,3.1,8.78,0,0.6
477,296,98,5,3.7,3.8,8.7,1,0.86
478,317,89,4,4.3,3.8,8.95,1,0.54
479,327,106,4,4.3,3.6,8.3,1,0.78
480,338,119,1,2.4,4.4,9.72,1,0.61
481,309,89,1,2.7,3.8,7.12,0,0.81
482,300,84,5,4.7,3.0,9.43,1,0.81
483,327,87,1,3.9,2.8,6.54,1,0.64
484,297,80,5,2.8,4.8,7.74,1,0.94
485,308,119,3,2.6,3.3,9.35,1,0.67
486,296,101,2,4.4,3.8,6.39,1,0.73
487,305,102,3,4.4,3.5,7.98,1,0.78
488,317,100,3,4.6,3.9,9.35,1,0.95
489,302,120,5,3.7,3.8,9.99,1,0.9
490,321,110,5,3.2,2.2,7.94,0,0.59
491,301,87,2,2.5,2.7,8.34,0,0.82
492,313,86,3,3.7,3.6,6.48,0,0.72
493,294,114,2,2.3,3.1,9.97,1,0.93
494,298,97,2,4.3,4.5,9.55,1,0.71
495,282,87,1,3.4,3.6,7.87,0,0.56
496,320,100,2,2.1,3.7,9.5,0,0.87
497,310,81,4,2.2,4.7,8.55,1,0.6
498,340,83,2,2.6,4.3,7.02,1,0.76
499,314,98,2,2.5,2.4,6.29,0,0.57
500,308,95,1,3.6,2.8,9.48,1,0.54
501,294,98,2,3.3,2.7,7.61,1,0.85
502,320,81,3,2.3,4.4,9.03,1,0.88
503,301,114,3,3.3,3.2,7.76,0,1.0
504,333,110,5,2.7,3.5,6.63,0,0.88
505,294,113,3,3.4,2.7,9.27,1,0.63
506,303,84,1,3.8,3.7,7.77,0,0.69
507,312,111,1,3.9,4.5,9.27,1,1.0
508,288,89,4,3.9,4.1,8.13,1,0.85
509,291,80,2,2.3,4.2,7.68,1,0.7
510,326,113,5,3.2,4.7,7.13,0,0.73
511,322,120,4,3.7,2.8,9.31,0,0.52
512,336,109,3,2.8,2.4,9.05,1,0.59
513,294,120,1,2.9,4.4,9.32,1,0.53
514,304,116,5,4.9,4.5,8.86,1,0.91
515,318,87,2,3.4,2.2,6.24,1,0.55
516,336,91,2,4.5,3.8,7.94,1,0.57
517,316,102,3,4.5,2.6,9.43,0,0.56
518,340,83,5,2.3,3.4,6.57,0,0.97
519,297,108,5,4.1,3.8,9.71,0,0.96
520,307,92,4,3.2,4.5,8.65,1,0.68
521,309,103,3,2.9,4.8,9.57,0,0.92
522,297,110,2,4.9,3.2,9.14,1,0.68
523,303,116,5,2.6,4.6,8.37,0,0.9
524,324,98,4,4.0,4.9,9.09,0,0.63
525,326,80,5,3.1,2.9,9.97,1,0.7
526,283,87,3,4.4,2.9,6.52,0,0.66
527,318,94,3,4.0,3.4,8.86,1,0.82
528,295,84,5,3.7,2.1,6.49,0,0.51
529,316,116,2,4.7,2.5,9.29,1,0.85
530,300,81,5,4.3,4.5,7.34,0,0.8
531,297,81,4,4.1,2.6,7.52,1,0.56
532,335,91,5,2.7,3.5,8.55,1,0.61
533,332,114,1,4.0,4.7,6.98,1,0.69
534,303,92,1,4.7,3.0,7.89,1,0.75
535,336,82,5,2.8,2.2,7.79,0,0.72
536,340,113,3,3.6,2.8,7.11,0,0.74
537,292,115,2,4.0,2.5,9.68,0,0.83
538,332,92,1,4.3,4.7,9.13,1,0.88
539,306,113,5,3.8,3.5,9.75,0,0.96
540,319,85,5,4.3,4.0,7.95,1,0.57
541,307,87,5,3.5,2.1,9.63,1,0.71
542,283,100,3,4.0,2.6,7.11,1,0.96
543,333,101,3,3.7,3.1,8.89,1,0.65
544,334,81,2,3.4,4.2,8.66,1,0.58
545,301,81,2,4.3,2.0,9.1,0,0.99
546,282,113,5,3.0,2.2,9.38,1,0.54
547,338,92,5,4.7,2.9,7.02,1,0.89
548,298,105,2,4.2,3.9,8.53,0,0.89
549,291,110,3,2.0,3.9,8.52,0,0.72
550,286,114,1,3.5,5.0,8.43,1,0.7
551,319,114,1,4.1,3.4,9.21,1,0.66
552,304,96,5,4.1,3.9,8.1,0,0.78
553,290,119,3,4.4,3.8,9.74,0,0.54
554,307,115,1,2.8,4.5,8.13,0,0.65
555,313,95,5,3.0,2.7,6.03,1,0.81
556,334,120,3,2.9,4.0,8.67,1,0.54
557,335,105,3,3.8,4.9,8.83,0,0.83
558,302,112,4,3.7,2.0,8.42,0,0.58
559,338,95,1,3.4,4.9,8.29,1,0.51
560,304,99,5,3.5,4.4,7.71,1,0.66
561,318,109,4,4.6,2.4,8.45,0,0.77
562,283,94,1,3.8,3.9,7.74,0,0.61
563,301,87,1,4.1,4.1,7.17,1,0.51
564,340,98,5,2.7,3.7,7.39,0,0.85
565,303,109,4,4.9,3.2,9.22,0,0.96
566,339,113,2,4.1,2.6,6.76,1,0.84
567,307,96,4,4.4,3.7,8.01,0,0.53
568,295,88,5,4.6,3.9,8.3,1,0.77
569,337,94,4,2.7,4.3,8.07,1,0.63
570,322,118,4,2.2,3.1,8.13,0,0.87
571,322,88,4,4.0,2.0,6.26,0,0.62
572,321,82,2,4.1,3.0,6.94,0,0.55
573,288,114,2,5.0,2.8,6.75,1,0.51
574,299,97,3,3.8,3.1,7.86,1,0.84
575,328,88,2,3.6,4.3,9.07,1,0.54
576,318,119,2,4.4,3.0,8.49,0,0.72
577,283,116,3,4.0,4.3,7.77,0,0.87
578,331,87,1,4.0,4.9,8.04,1,0.72
579,310,89,4,4.0,3.9,7.02,1,0.53
580,317,95,3,4.7,2.9,7.0,0,0.67
581,306,105,1,4.4,2.6,7.09,0,0.93
582,290,97,1,2.4,4.9,9.54,1,0.91
583,296,90,2,2.2,2.2,9.82,0,0.65
584,295,100,4,3.5,3.0,7.74,1,0.68
585,328,88,3,3.7,4.8,7.59,0,0.64
586,285,88,1,4.4,4.9,6.89,0,0.89
587,306,94,4,3.5,2.1,9.7,1,0.68
588,333,114,2,3.4,4.6,7.56,1,0.55
589,335,103,3,4.7,3.9,8.73,0,0.77
590,322,91,2,2.5,2.7,6.64,0,0.69
591,281,95,5,4.6,4.5,6.37,1,0.99
592,328,115,3,4.1,4.6,9.19,1,0.64
593,293,96,3,4.5,2.3,9.21,1,0.94
594,331,97,4,3.3,4.4,7.04,1,0.55
595,311,104,4,2.1,4.1,9.0,0,0.88
596,296,90,4,3.5,3.7,6.69,0,0.51
597,300,116,2,2.7,4.9,6.89,0,0.7
598,316,108,2,4.2,4.8,9.17,0,0.98
599,315,106,5,2.8,2.2,7.01,1,0.76
600,283,97,3,3.0,4.3,8.89,0,0.83
601,335,89,1,3.9,2.9,9.07,1,0.74
602,316,103,2,2.5,2.2,7.39,0,0.65
603,281,103,4,4.3,2.7,9.51,1,0.68
604,331,117,2,4.9,2.6,7.97,0,0.71
605,320,87,4,3.1,4.2,8.97,1,0.8
606,304,84,1,4.8,2.9,6.56,1,0.95
607,332,102,4,4.5,3.1,7.33,1,0.8
608,298,114,4,3.2,4.1,6.44,0,0.62
609,312,113,4,4.9,2.6,6.2,1,0.57
610,331,96,4,4.3,3.8,6.43,0,0.92
611,285,108,4,4.4,4.8,6.07,0,0.69
612,322,84,3,2.4,4.0,8.89,0,0.69
613,333,117,4,4.2,4.2,9.22,1,0.55
614,337,118,1,2.4,4.3,7.77,1,0.95
615,313,105,4,2.1,3.1,6.63,0,0.63
616,288,116,4,3.5,2.7,7.53,0,0.77
617,329,81,2,3.2,2.0,8.44,0,0.67
618,340,99,1,4.4,3.2,8.37,1,0.66
619,303,113,1,3.4,3.4,7.31,0,0.84
620,338,116,3,3.5,3.7,9.47,1,0.83
621,285,90,1,4.0,4.9,8.05,0,0.58
622,340,117,1,2.3,3.6,6.1,1,0.55
623,298,91,5,3.5,3.2,8.06,1,0.75
624,289,106,3,3.9,3.0,7.2,0,0.83
625,287,80,2,3.7,4.4,8.53,0,0.5
626,328,113,2,3.5,4.4,9.52,1,0.51
627,304,84,3,4.2,4.4,7.29,0,0.64
628,316,100,4,4.9,2.2,8.46,0,0.78
629,299,92,2,3.0,4.2,9.58,0,0.61
630,332,105,1,3.3,2.0,8.13,0,0.64
631,308,85,2,2.3,4.3,9.96,1,0.61
632,309,119,3,2.9,2.8,6.41,0,0.59
633,284,107,2,3.7,4.6,6.2,0,0.83
634,323,95,5,3.0,4.7,6.82,1,0.95
635,324,107,1,3.9,4.6,8.09,1,0.76
636,295,100,4,3.5,2.9,6.12,1,0.54
637,338,96,4,4.6,3.6,7.24,0,0.73
638,328,82,3,4.0,3.8,6.8,0,0.91
639,317,82,2,3.6,3.7,9.99,1,0.75
640,281,83,4,3.5,3.6,6.26,1,0.64
641,287,109,5,3.5,2.2,9.43,1,0.97
642,293,86,5,4.3,3.8,6.96,1,0.57
643,307,104,1,4.9,2.9,7.34,1,0.79
644,340,91,5,4.3,3.7,6.7,0,0.78
645,324,109,3,3.2,3.4,8.42,1,0.87
646,320,111,5,4.0,3.2,8.29,0,0.74
647,294,115,4,4.7,4.5,8.74,1,0.89
648,284,95,5,4.7,3.7,6.05,0,0.54
649,289,88,1,3.2,4.0,7.38,1,0.54
650,324,85,3,2.3,3.8,9.14,0,0.65
651,302,88,3,3.3,4.8,6.63,0,0.76
652,325,82,5,2.2,4.4,9.04,0,0.79
653,304,87,1,4.6,2.9,6.23,1,0.86
654,322,96,5,3.5,2.7,8.88,0,0.91
655,336,87,2,2.4,4.2,8.87,1,0.6
656,280,88,5,2.4,3.3,8.46,1,0.68
657,284,113,2,2.6,4.1,9.4,0,0.92
658,301,80,4,2.1,2.8,8.86,0,0.92
659,338,118,5,3.6,4.1,9.06,1,0.91
660,320,105,3,4.9,2.2,6.52,1,0.65
661,311,88,3,4.8,3.3,7.47,1,0.79
662,295,117,2,4.3,3.0,7.34,0,0.55
663,305,94,3,4.6,2.4,7.54,1,0.76
664,285,99,4,4.7,3.7,7.18,1,0.77
665,306,80,4,2.7,2.1,7.91,0,0.82
666,295,115,5,2.3,4.4,7.4,0,0.65
667,325,119,3,2.5,4.6,7.46,0,0.72
668,308,87,1,3.8,3.2,7.64,0,0.9
669,333,102,2,3.5,3.1,7.58,0,0.95
670,326,86,4,2.7,2.3,8.76,0,0.64
671,312,108,2,2.3,2.0,9.99,1,0.63
672,291,84,1,3.6,5.0,7.14,0,0.91
673,308,108,3,2.6,4.1,6.1,1,0.68
674,320,106,2,3.8,4.0,7.54,0,0.55
675,333,113,2,3.2,2.4,9.24,0,0.61
676,289,113,3,3.2,4.8,9.37,0,0.67
677,282,112,2,3.5,4.8,8.21,0,0.82
678,292,110,5,2.9,3.8,9.24,0,0.52
679,324,118,1,4.0,4.8,7.24,1,0.63
680,335,87,2,2.2,4.7,7.09,0,0.74
681,334,119,3,2.1,4.3,9.72,0,0.64
682,294,104,2,2.0,2.5,6.12,0,0.64
683,331,113,3,4.6,3.3,8.68,1,0.59
684,309,113,2,4.0,2.1,6.64,0,0.85
685,303,89,4,2.3,2.6,9.3,1,0.62
686,331,82,3,3.1,3.1,6.87,0,0.61
687,302,90,1,3.4,4.7,6.61,0,0.62
688,286,99,4,3.5,3.2,8.92,1,0.91
689,302,92,3,3.4,4.6,8.76,0,0.52
690,286,88,1,4.2,4.9,7.72,0,0.6
691,291,99,4,2.6,4.4,8.37,0,0.76
692,286,87,2,4.2,3.9,8.25,1,0.73
693,290,91,2,3.3,2.3,9.8,0,0.76
694,298,81,4,2.6,3.5,8.27,1,0.76
695,309,89,2,2.9,4.5,9.14,0,0.77
696,303,109,4,4.1,3.9,6.6,0,0.78
697,283,91,4,3.3,4.4,8.99,1,0.74
698,319,88,5,4.9,4.3,8.86,0,0.56
699,330,83,1,2.8,3.1,6.18,1,0.91
700,296,110,4,3.7,4.6,7.27,1,0.91
701,316,113,2,4.4,2.3,8.49,0,0.55
702,286,95,2,3.4,3.6,8.44,1,0.84
703,324,110,5,2.7,3.2,9.72,1,0.73
704,327,80,3,2.8,3.5,6.55,0,0.88
705,317,89,3,2.9,3.9,8.6,1,0.61
706,307,105,2,2.0,2.5,6.27,1,0.93
707,316,116,5,3.7,3.7,6.27,1,0.57
708,283,80,5,2.7,2.5,7.77,1,0.59
709,294,118,5,3.8,3.1,9.24,0,0.86
710,290,102,3,3.2,4.6,9.79,1,0.71
711,327,87,3,3.6,2.9,8.22,1,0.51
712,317,99,4,4.3,4.8,9.4,0,0.93
713,333,120,5,2.1,5.0,8.12,1,0.99
714,297,119,3,3.1,2.9,9.1,1,0.79
715,304,118,1,4.9,2.0,6.54,1,0.91
716,284,80,2,3.3,2.8,8.6,0,0.79
717,316,112,4,4.2,3.3,7.37,1,0.87
718,324,107,4,3.6,3.4,7.94,0,0.9
719,292,97,2,2.4,2.7,6.8,1,0.93
720,316,88,4,3.0,4.1,8.62,1,0.67
721,289,97,2,4.3,2.8,8.84,0,0.96
722,294,83,4,2.8,4.5,9.76,0,0.6
723,308,91,1,4.2,2.5,6.61,1,0.89
724,312,105,5,2.4,2.4,9.49,0,0.98
725,286,81,1,3.0,4.0,7.2,1,0.52
726,314,118,3,2.1,4.5,6.34,1,0.9
727,340,89,5,3.4,4.8,9.41,1,0.95
728,294,91,4,3.4,4.8,7.48,0,0.64
729,281,98,2,2.2,2.8,6.71,1,0.5
730,303,83,1,4.5,2.3,8.27,1,0.81
731,321,93,5,2.2,4.3,6.46,0,0.71
732,287,99,2,3.6,4.4,9.64,0,0.68
733,330,94,1,3.7,3.5,9.65,1,0.95
734,323,87,4,4.3,3.7,7.08,0,0.61
735,324,86,1,3.7,3.7,6.03,0,0.65
736,308,90,2,4.1,2.8,7.82,0,0.96
737,323,114,5,2.0,4.0,8.2,0,0.83
738,340,103,5,3.8,3.3,7.67,0,0.88
739,293,111,4,5.0,4.6,6.54,1,0.52
740,291,106,5,3.5,2.7,7.68,0,0.66
741,294,83,3,3.0,4.1,6.34,0,0.66
742,336,84,5,2.3,2.3,7.49,1,0.56
743,325,86,5,4.5,4.3,9.36,0,0.83
744,308,90,5,3.7,4.2,9.93,1,0.57
745,340,80,3,2.6,3.7,8.02,0,0.52
746,285,100,3,4.6,3.1,6.87,0,0.6
747,336,97,5,4.7,2.9,6.84,0,0.6
748,288,95,2,2.7,3.3,8.38,1,0.8
749,317,80,3,2.1,3.8,6.13,1,0.63
750,326,92,5,4.9,4.6,6.14,0,0.71
751,316,103,1,2.2,4.8,8.02,0,0.79
752,323,112,4,3.4,2.5,7.87,1,0.58
753,328,112,2,2.1,4.8,8.98,1,0.81
754,314,92,2,3.4,4.7,9.15,0,0.98
755,336,96,5,2.5,4.5,9.49,1,0.61
756,319,86,5,2.3,4.0,6.82,1,0.88
757,292,91,5,4.3,4.1,8.54,0,0.76
758,304,87,1,4.2,2.1,8.76,0,0.89
759,323,110,4,3.5,2.2,6.0,0,0.54
760,299,87,5,3.9,4.5,9.88,1,0.77
761,306,104,5,2.3,4.6,6.33,0,0.62
762,299,109,3,4.0,3.5,8.48,1,0.76
763,304,88,1,4.9,3.0,7.38,0,0.5
764,303,119,2,4.5,5.0,9.28,0,0.65
765,300,88,3,4.0,3.3,8.31,0,0.59
766,339,97,3,3.4,4.0,7.32,0,0.55
767,295,118,1,2.2,2.8,8.73,0,0.76
768,312,98,5,2.3,2.8,8.65,1,0.61
769,284,117,5,2.5,4.4,7.25,1,0.77
770,323,108,4,2.8,3.5,7.25,0,0.87
771,281,80,3,3.7,4.1,9.78,0,0.66
772,297,116,5,3.7,3.7,7.4,1,0.68
773,334,105,4,4.5,4.5,6.83,1,0.9
774,298,115,5,3.5,4.1,9.43,1,0.94
775,306,101,5,3.2,4.4,8.4,1,0.71
776,330,91,5,4.6,4.9,6.94,0,0.84
777,324,108,1,4.2,4.0,7.52,0,0.71
778,320,114,4,4.8,3.7,6.95,0,0.9
779,305,118,4,2.0,4.9,6.41,0,0.67
780,338,100,5,4.2,2.8,6.65,1,0.74
781,304,118,4,4.6,3.4,8.81,1,0.98
782,283,81,2,4.3,3.6,8.15,0,0.72
783,325,92,1,4.2,4.5,8.59,1,0.59
784,318,109,5,3.0,3.2,9.5,0,0.97
785,309,113,1,3.6,2.3,8.45,0,0.78
786,296,90,5,3.0,4.0,7.77,1,0.87
787,339,117,4,4.7,4.8,7.16,0,0.89
788,288,112,2,4.4,3.5,8.48,1,0.9
789,286,119,2,3.8,3.0,8.28,0,0.62
790,283,89,2,2.7,3.0,8.51,0,0.51
791,299,120,5,4.6,2.8,9.1,1,0.77
792,340,108,4,4.9,4.1,6.77,1,0.58
793,318,112,1,3.6,2.1,9.2,1,0.82
794,308,91,3,2.3,4.2,6.88,1,0.71
795,335,109,3,4.2,2.2,7.79,1,0.54
796,327,116,5,2.8,3.5,7.14,0,0.99
797,336,108,4,2.5,3.8,9.31,0,0.73
798,319,101,3,2.2,2.6,7.75,1,0.99
799,312,98,2,4.2,2.2,6.85,1,0.92
800,298,89,3,3.8,4.6,9.64,0,0.55
801,328,108,1,2.4,3.4,6.33,1,0.63
802,336,105,3,4.1,2.3,9.31,0,0.88
803,285,88,4,3.5,2.4,7.99,0,0.61
804,321,103,1,3.6,3.4,6.31,0,0.93
805,307,86,2,4.8,2.3,8.84,0,0.92
806,295,120,2,4.3,2.8,9.13,1,0.67
807,340,95,4,4.5,2.8,8.17,1,0.78
808,337,117,2,2.6,3.8,9.35,1,0.67
809,295,119,4,2.8,4.0,7.14,1,0.96
810,318,109,5,3.0,3.7,9.86,0,0.67
811,327,107,1,4.0,3.7,9.83,0,0.68
812,284,116,3,3.6,2.3,10.0,0,0.97
813,300,83,2,3.1,2.1,6.27,1,0.94
814,304,81,4,4.9,3.5,8.24,1,0.84
815,306,85,2,3.7,3.2,9.52,0,0.63
816,284,94,5,2.7,3.2,8.89,1,0.8
817,326,107,1,2.1,3.4,7.84,1,0.8
818,320,114,5,3.2,2.5,9.67,0,0.73
819,314,80,2,4.8,2.2,9.67,0,0.73
820,282,111,4,4.7,4.6,9.3,1,0.63
821,292,80,5,4.1,2.1,7.69,1,0.7
822,302,90,3,3.5,2.2,8.61,1,0.6
823,340,120,2,2.4,2.4,8.53,1,0.63
824,309,99,2,4.4,2.0,9.99,1,0.67
825,295,88,5,2.9,2.4,6.17,0,0.96
826,331,105,1,3.7,2.9,7.54,0,0.89
827,287,101,5,2.4,3.9,7.21,1,0.57
828,324,106,3,4.6,2.4,8.41,0,0.76
829,306,90,1,2.3,3.1,6.94,0,0.81
830,324,118,3,3.1,3.3,9.02,0,0.53
831,291,106,2,3.2,4.8,7.47,1,0.53
832,320,111,5,2.8,3.2,9.52,1,0.91
833,311,109,3,3.8,3.5,9.56,0,0.96
834,325,112,5,4.3,3.4,7.74,0,0.96
835,326,80,5,4.4,2.5,7.22,1,0.9
836,289,81,1,3.1,3.3,9.14,1,0.94
837,282,111,3,4.6,4.6,7.15,0,0.62
838,316,83,1,3.2,3.1,9.52,1,0.8
839,293,94,3,3.1,4.9,8.02,0,0.69
840,311,88,3,3.1,2.9,9.71,0,0.82
841,302,102,2,4.8,4.2,8.65,0,0.59
842,300,108,5,4.5,2.6,7.0,1,0.54
843,318,101,2,3.4,3.4,9.4,1,0.87
844,320,115,5,4.8,3.4,6.36,0,0.83
845,327,99,5,4.2,4.7,8.39,0,0.79
846,316,111,5,2.3,2.2,6.06,1,0.83
847,303,93,2,3.8,2.0,9.34,0,0.67
848,303,80,2,4.6,3.8,7.77,1,0.88
849,289,99,1,4.2,3.6,6.55,1,0.74
850,319,115,2,4.8,2.3,8.2,1,0.88
851,331,84,2,2.4,4.2,7.13,0,0.53
852,305,83,2,5.0,3.8,9.13,0,0.66
853,332,85,1,2.5,4.1,8.51,0,0.65
854,292,90,4,2.9,2.9,9.09,1,0.64
855,321,114,2,2.7,4.6,9.02,0,0.69
856,328,88,3,4.1,4.8,9.62,0,0.88
857,317,94,5,2.3,4.6,6.37,1,0.84
858,324,83,3,4.3,3.0,9.63,1,0.84
859,315,111,5,2.1,2.5,7.66,1,0.58
860,300,86,2,4.6,4.4,8.05,1,0.89
861,291,116,4,3.2,2.3,8.0,1,0.58
862,288,81,5,4.0,4.3,7.49,1,0.57
863,334,96,3,3.5,2.6,7.89,0,0.63
864,310,112,5,3.7,3.5,9.35,1,0.5
865,317,118,5,4.8,2.3,7.19,1,0.84
866,309,83,4,5.0,4.9,9.52,1,0.75
867,320,108,4,4.8,3.1,6.07,1,0.97
868,283,115,3,3.1,3.0,7.93,0,0.79
869,303,108,1,3.4,3.6,6.23,0,0.99
870,286,111,1,3.0,2.1,8.37,1,0.86
871,319,119,5,3.5,2.7,8.81,1,0.89
872,306,84,2,2.9,4.7,9.55,0,0.59
873,283,109,3,2.1,3.5,9.04,1,0.52
874,298,83,2,3.5,2.3,8.85,1,0.78
875,294,89,3,4.8,2.5,6.79,1,0.71
876,294,119,4,4.1,2.7,7.33,1,0.77
877,287,110,4,4.2,2.5,6.15,0,0.9
878,321,86,5,2.7,4.8,8.71,0,0.62
879,281,116,3,4.0,3.8,9.22,0,0.89
880,292,101,1,3.3,3.7,8.85,0,0.9
881,290,80,1,3.8,4.5,9.65,0,0.67
882,332,96,4,3.6,3.6,9.75,1,0.67
883,288,113,3,4.5,4.6,7.36,1,0.66
884,297,117,4,2.3,3.3,8.27,0,0.7
885,290,86,5,2.7,3.8,9.5,1,0.88
886,333,89,1,5.0,3.6,9.36,0,0.78
887,332,96,1,4.3,2.8,8.65,1,0.71
888,300,103,3,3.1,4.0,8.97,1,0.66
889,313,89,4,3.3,3.2,6.17,0,0.66
890,308,98,4,3.5,2.8,7.9,1,0.8
891,297,119,4,2.3,3.0,8.45,0,0.55
892,295,85,3,2.1,2.4,9.16,1,0.53
893,294,83,2,3.6,4.4,8.12,0,0.79
894,337,113,4,2.6,4.6,9.87,1,0.6
895,285,118,3,3.5,3.9,6.91,1,0.58
896,281,96,3,2.3,3.3,6.02,1,0.88
897,286,90,2,3.0,3.1,9.05,0,0.89
898,315,119,3,4.0,3.7,7.68,0,0.93
899,285,112,4,4.5,2.3,8.8,0,0.52
900,324,117,4,2.5,2.9,9.44,0,0.74
901,323,102,1,4.4,5.0,7.58,0,0.78
902,297,94,2,3.7,3.9,6.35,0,0.8
903,315,83,3,3.7,4.5,9.49,1,0.83
904,314,116,5,2.9,2.7,8.78,1,0.68
905,328,110,2,2.0,4.2,6.81,1,0.53
906,299,82,2,4.0,2.8,6.22,1,0.59
907,309,114,4,4.0,4.5,8.64,0,0.73
908,292,90,4,3.1,4.7,9.54,1,0.77
909,304,87,4,4.4,2.9,8.85,0,0.87
910,296,85,4,3.4,4.6,7.1,1,0.5
911,326,106,2,4.6,3.6,6.46,0,0.56
912,298,100,1,2.9,2.4,7.54,1,0.66
913,299,89,1,3.2,3.6,8.58,1,0.99
914,289,89,1,3.7,3.3,7.39,0,0.53
915,321,83,1,2.9,4.9,7.98,0,0.63
916,319,91,2,4.8,2.4,9.14,0,0.75
917,289,90,1,3.0,3.5,6.34,0,0.97
918,315,120,1,3.6,3.7,7.62,1,0.9
919,318,87,3,2.4,3.6,8.76,0,0.65
920,296,115,5,4.5,4.4,8.61,1,0.72
921,330,112,2,3.9,2.3,9.97,1,0.62
922,304,99,5,3.6,4.0,7.18,1,0.96
923,284,84,5,3.9,4.0,7.28,0,0.75
924,291,120,5,3.9,4.9,9.6,0,0.6
925,305,115,4,4.0,2.7,6.79,1,0.76
926,310,98,2,4.3,4.3,6.92,0,0.55
927,301,104,2,2.7,2.5,8.65,1,0.85
928,295,109,1,3.5,4.4,8.88,0,0.55
929,324,102,4,2.2,3.5,8.27,1,0.91
930,299,93,1,3.7,3.3,9.16,0,0.91
931,281,96,5,2.9,3.8,6.16,1,1.0
932,288,114,2,3.2,2.7,6.72,0,0.81
933,307,118,4,2.5,2.4,7.99,0,0.55
934,326,104,1,3.7,2.2,7.48,0,0.77
935,326,103,2,4.6,3.3,8.49,0,0.86
936,284,89,3,2.4,3.5,7.66,1,0.8
937,297,84,5,2.4,2.8,9.56,0,0.56
938,306,97,4,4.7,3.4,9.77,0,0.83
939,330,119,5,2.1,4.8,9.09,0,0.59
940,303,94,1,4.5,3.0,9.07,0,0.94
941,331,94,5,3.9,2.8,7.42,0,0.76
942,316,92,5,4.9,2.0,8.8,1,0.7
943,292,83,2,3.1,3.8,9.76,1,0.63
944,334,95,5,4.7,3.9,8.81,0,0.75
945,305,104,2,4.2,4.1,6.03,0,0.88
946,337,119,3,4.1,3.2,7.13,1,0.87
947,295,103,3,2.0,4.2,6.97,1,0.93
948,322,103,5,2.2,4.0,9.66,1,0.6
949,313,98,2,4.4,2.0,8.55,0,0.65
950,282,115,2,2.0,3.7,6.37,1,0.82
951,322,116,5,2.6,3.0,9.42,1,0.87
952,337,85,1,2.7,4.8,6.09,0,0.76
953,323,89,5,3.6,3.9,7.25,0,0.62
954,312,106,2,2.3,2.8,7.79,1,0.62
955,311,114,2,3.1,3.8,7.77,1,0.78
956,312,100,4,3.4,2.8,7.14,0,0.83
957,286,90,5,2.9,2.4,7.62,0,0.82
958,319,115,2,4.3,4.5,8.39,0,0.71
959,330,87,2,2.9,2.4,9.2,0,0.94
960,319,106,2,4.5,3.5,6.88,0,0.64
961,322,90,3,4.9,3.8,7.83,1,0.69
962,281,81,2,4.8,2.3,6.13,1,0.87
963,303,118,4,2.3,4.3,9.78,1,0.97
964,334,112,3,3.2,3.2,8.77,0,0.73
965,306,100,4,4.3,4.7,7.11,0,0.61
966,296,83,2,2.2,2.3,6.11,0,0.83
967,325,119,2,3.5,3.5,8.36,0,0.54
968,300,93,5,2.3,3.2,8.27,1,0.66
969,313,114,5,2.4,2.2,7.99,1,0.76
970,293,99,4,2.7,4.6,8.53,0,0.52
971,287,115,4,3.1,3.8,8.52,1,0.96
972,319,120,4,4.2,3.4,7.62,0,0.64
973,322,108,2,4.3,3.8,9.39,1,0.98
974,334,109,3,3.0,3.6,8.83,0,0.75
975,317,108,1,3.1,3.7,6.8,0,0.88
976,292,93,2,3.5,4.5,8.07,0,0.8
977,285,107,3,2.4,2.8,6.49,0,0.92
978,328,111,2,4.7,2.3,8.77,1,0.63
979,308,85,4,3.9,3.4,8.35,0,0.67
980,287,112,3,4.9,4.6,9.34,1,0.71
981,316,101,5,3.8,2.6,9.25,1,0.63
982,294,105,4,2.6,2.8,6.66,0,0.68
983,309,118,3,2.3,3.7,8.61,1,1.0
984,323,109,2,2.9,4.4,8.82,0,0.81
985,282,83,3,3.2,3.5,8.91,0,0.98
986,302,109,5,4.2,4.0,9.98,1,0.95
987,316,108,3,4.3,3.2,9.53,0,0.68
988,340,116,2,3.6,2.1,7.56,1,0.56
989,290,118,1,4.2,2.0,7.62,0,0.81
990,315,99,1,3.2,4.2,7.42,0,0.65
991,339,103,4,4.9,3.8,8.52,0,0.59
992,315,101,3,3.0,2.9,6.39,0,0.93
993,330,91,5,4.1,3.8,9.04,0,0.68
994,335,85,5,3.1,4.0,7.14,0,0.77
995,338,112,5,2.1,3.1,6.28,0,0.91
996,321,116,5,3.5,4.9,7.04,1,0.52
997,296,106,1,2.1,4.2,6.5,0,0.72
998,304,120,2,2.4,4.4,8.58,0,0.93
999,313,97,2,3.7,4.3,7.75,1,0.99
1000,309,86,4,3.8,3.3,6.4,1,0.53
1001,306,95,2,5.0,2.8,6.29,0,0.84
1002,311,120,1,2.8,4.1,8.92,0,0.83
1003,318,81,4,3.2,2.6,7.93,0,0.95
1004,327,93,3,3.8,2.6,9.01,0,0.56
1005,333,82,1,2.1,4.1,8.25,0,0.84
1006,327,85,2,3.0,4.4,7.46,0,0.84
1007,319,83,3,3.4,2.4,6.57,1,0.91
1008,328,99,4,3.2,2.3,8.2,0,0.89
1009,295,84,4,4.3,2.2,9.36,0,0.7
1010,316,107,4,3.3,3.8,8.2,0,0.91
1011,287,84,1,3.5,4.9,6.22,0,0.56
1012,305,92,5,2.3,4.4,7.42,1,0.77
1013,294,92,2,4.9,3.0,6.09,1,0.51
1014,295,89,5,4.8,4.6,7.14,1,0.8
1015,314,97,4,4.8,4.2,6.73,1,0.84
1016,312,87,5,4.8,4.8,9.48,1,0.92
1017,286,119,1,4.4,2.2,8.31,0,0.86
1018,313,91,5,4.2,4.7,8.55,1,0.76
1019,338,116,2,3.1,2.5,8.27,0,0.5
1020,314,110,4,2.9,2.2,6.41,1,0.97
1021,301,83,1,4.3,4.4,8.68,0,0.52
1022,327,88,4,2.8,3.9,8.71,1,0.87
1023,325,100,2,4.8,2.1,6.12,1,0.89
1024,335,97,4,2.9,3.0,7.42,0,0.66
1025,294,88,4,2.7,3.9,7.83,0,0.93
1026,331,89,2,4.9,2.6,9.35,0,0.63
1027,340,98,2,3.3,4.4,8.1,0,0.69
1028,281,89,3,4.2,3.5,9.17,0,0.89
1029,296,102,3,4.0,2.9,9.94,1,0.82
1030,336,98,1,3.4,3.3,8.09,0,0.98
1031,286,114,1,4.6,4.3,8.98,0,0.71
1032,327,99,1,4.2,2.2,6.08,1,0.99
1033,321,112,1,2.9,3.0,7.42,0,0.75
1034,328,97,5,2.4,3.9,7.33,0,0.77
1035,283,111,2,2.9,2.3,9.34,0,0.66
1036,331,90,2,4.1,4.1,6.33,0,0.71
1037,293,80,4,3.1,4.6,9.52,1,0.58
1038,322,103,2,3.6,3.5,7.9,0,0.93
1039,335,102,2,3.5,4.4,9.2,0,0.97
1040,330,81,1,3.9,4.8,8.9,1,0.91
1041,311,87,2,4.3,2.7,7.41,1,0.58
1042,310,116,1,2.7,3.7,8.09,1,0.8
1043,337,98,1,4.9,4.9,8.66,1,0.59
1044,301,88,1,3.0,2.2,6.05,0,1.0
1045,336,91,1,2.9,4.7,6.93,0,0.76
1046,310,103,2,3.7,4.9,7.51,1,0.85
1047,313,104,4,2.5,3.8,9.56,1,0.56
1048,309,90,4,3.4,2.1,8.34,1,0.86
1049,311,100,5,3.2,2.3,7.11,1,0.61
1050,331,95,4,2.2,2.6,8.28,0,0.84
1051,314,93,4,4.2,2.4,6.11,0,0.8
1052,314,93,3,2.1,2.2,7.58,0,0.98
1053,283,105,1,2.6,3.2,7.42,1,0.69
1054,338,94,5,2.4,2.8,9.31,1,0.63
1055,289,114,4,4.7,4.5,7.89,1,0.98
1056,316,95,2,2.1,4.1,8.25,0,0.72
1057,307,108,1,4.1,4.2,9.39,1,0.96
1058,300,106,2,2.9,3.9,6.84,1,0.92
1059,301,93,5,2.0,4.1,6.07,1,0.72
1060,308,116,3,2.8,3.8,9.68,0,0.91
1061,337,113,4,4.2,4.4,8.98,1,0.59
1062,290,81,2,2.1,4.2,9.57,1,0.73
1063,316,111,2,2.4,2.6,6.05,0,0.64
1064,299,81,2,4.5,4.0,7.68,0,0.76
1065,319,118,2,3.9,4.7,7.91,0,0.56
1066,328,92,1,3.4,3.9,6.11,1,0.92
1067,294,107,2,4.9,3.4,7.3,0,0.71
1068,286,118,1,2.7,2.0,8.46,0,0.84
1069,305,101,1,3.9,4.8,6.02,0,0.95
1070,290,84,1,3.5,3.8,8.76,0,0.84
1071,326,86,4,4.3,4.5,6.12,1,0.69
1072,302,89,3,4.4,3.3,9.96,1,0.5
1073,313,111,1,4.4,3.1,7.54,1,0.57
1074,280,113,2,4.4,3.2,6.79,0,0.72
1075,280,118,5,2.9,3.1,9.89,0,0.51
1076,283,111,2,4.0,3.6,8.8,0,0.64
1077,281,87,1,2.9,4.8,8.88,0,0.9
1078,316,93,2,2.9,2.5,6.16,1,0.68
1079,321,107,4,4.8,4.5,8.01,1,0.53
1080,313,113,4,4.1,2.4,9.58,1,0.86
1081,333,92,4,4.6,2.0,9.58,0,0.93
1082,297,112,1,5.0,4.9,7.17,0,0.69
1083,283,88,3,2.6,3.9,6.11,1,0.62
1084,299,91,2,3.1,2.0,8.96,0,0.86
1085,328,80,4,3.9,4.7,8.34,0,0.94
1086,290,91,5,4.9,2.8,9.16,0,0.59
1087,281,119,2,3.3,2.3,9.41,0,0.58
1088,293,86,2,4.1,4.1,6.06,1,0.98
1089,331,86,5,4.4,3.4,8.52,0,0.79
1090,325,119,5,4.5,3.3,7.85,0,0.53
1091,339,84,3,2.9,4.4,9.17,0,0.77
1092,329,111,4,2.3,2.8,8.08,0,0.71
1093,323,106,5,4.3,4.4,7.04,0,0.93
1094,324,119,2,4.9,5.0,8.85,1,0.74
1095,280,82,5,3.3,4.4,7.37,1,0.82
1096,333,92,1,3.6,3.3,9.42,0,0.91
1097,310,120,2,4.9,4.9,8.17,0,0.75
1098,288,114,3,3.4,4.4,9.9,1,0.55
1099,292,101,4,4.0,3.9,8.33,1,0.5
1100,310,117,4,2.2,2.1,7.57,1,0.52
1101,321,116,4,4.5,3.2,6.64,1,0.76
1102,295,82,2,3.7,2.4,8.31,1,0.57
1103,338,111,2,2.7,2.7,7.24,1,0.73
1104,290,116,3,4.5,3.2,9.13,1,0.7
1105,318,106,1,2.5,4.1,9.94,1,0.8
1106,284,90,3,2.9,2.5,9.05,1,0.61
1107,304,95,3,4.7,3.0,8.0,1,0.57
1108,295,98,4,4.2,2.9,8.53,0,0.75
1109,329,109,4,3.0,3.1,7.08,1,0.88
1110,307,80,4,4.1,4.3,9.38,1,0.81
1111,317,90,1,3.7,4.0,7.6,1,0.66
1112,340,101,5,4.0,4.1,9.1,1,0.68
1113,327,96,4,4.7,3.5,7.12,1,0.52
1114,308,109,4,2.9,4.3,7.35,1,0.71
1115,306,86,1,3.8,4.3,9.29,1,0.68
1116,335,88,1,4.7,2.3,7.18,0,0.57
1117,296,116,1,2.8,4.7,8.73,1,0.69
1118,292,113,2,3.5,3.1,7.1,1,0.82
1119,319,87,1,2.8,5.0,8.83,0,0.94
1120,286,115,5,4.7,3.7,8.58,1,0.95
1121,322,113,5,4.4,4.2,9.8,1,0.59
1122,304,80,5,3.4,3.5,7.63,1,0.94
1123,288,92,1,3.9,4.3,7.65,1,0.92
1124,318,82,3,4.1,2.3,6.83,0,0.85
1125,296,109,3,2.1,3.1,9.69,0,0.64
1126,298,106,4,4.4,4.6,7.98,1,0.82
1127,339,97,4,2.7,2.3,8.19,0,0.7
1128,334,80,3,2.1,4.2,6.68,1,0.62
1129,286,118,1,3.5,4.4,6.45,0,0.53
1130,298,84,5,2.7,4.1,8.48,0,0.87
1131,329,88,4,2.1,3.7,8.39,1,0.97
1132,284,98,2,3.2,4.3,7.2,0,0.98
1133,332,119,2,4.9,3.2,6.18,0,0.73
1134,303,83,5,2.1,2.2,6.06,1,0.74
1135,281,108,4,3.1,2.9,6.31,0,0.75
1136,303,90,4,5.0,2.5,9.71,0,0.56
1137,329,110,4,2.2,3.3,9.17,1,0.53
1138,306,89,4,4.4,3.0,6.8,0,0.55
1139,316,81,1,4.7,2.0,6.46,1,0.56
1140,329,104,2,2.7,2.4,7.22,1,0.78
1141,312,117,4,4.1,4.6,7.32,1,0.84
1142,338,109,2,4.2,4.0,9.78,0,0.58
1143,299,98,2,5.0,2.8,6.82,0,0.94
1144,281,103,3,3.6,2.9,7.25,0,0.74
1145,325,115,5,2.3,4.6,9.93,1,0.81
1146,327,86,2,4.2,2.8,8.8,1,0.88
1147,320,93,4,4.4,3.3,7.41,0,0.77
1148,288,81,4,3.3,4.1,9.22,1,0.82
1149,308,101,2,3.3,3.9,9.39,0,0.89
1150,311,88,3,3.6,3.8,7.69,1,0.97
1151,293,84,3,4.7,4.7,7.38,0,0.54
1152,323,113,1,3.3,2.4,7.72,1,0.69
1153,332,114,5,3.7,3.8,8.35,0,0.7
1154,326,88,3,3.2,3.6,9.83,1,0.75
1155,303,97,1,2.9,3.5,8.86,1,0.62
1156,336,101,4,4.2,3.9,8.54,0,0.56
1157,312,102,5,3.7,4.5,7.19,1,0.52
1158,332,98,3,2.6,4.3,7.71,1,0.7
1159,280,83,2,2.8,4.5,7.67,1,0.76
1160,314,119,3,3.8,2.6,7.8,0,0.9
1161,329,88,2,3.6,4.1,9.49,1,0.82
1162,324,93,2,2.4,4.0,7.38,1,0.9
1163,331,116,2,4.6,2.3,8.9,1,0.7
1164,288,90,2,4.6,4.6,8.42,1,0.81
1165,299,114,2,3.9,5.0,9.96,1,0.62
1166,340,108,3,2.1,4.6,9.43,0,0.6
1167,282,91,1,3.8,3.6,7.71,0,0.91
1168,318,110,2,2.8,2.8,8.96,1,0.88
1169,295,118,2,2.6,4.5,6.26,1,0.97
1170,286,109,2,4.0,3.0,6.72,1,0.55
1171,321,97,3,3.8,5.0,7.9,1,0.95
1172,337,117,3,3.5,5.0,8.27,1,0.86
1173,313,95,3,2.5,4.0,7.06,0,0.63
1174,303,106,2,4.2,2.6,8.59,0,0.6
1175,286,111,1,2.3,2.1,9.03,0,0.72
1176,319,103,2,3.4,2.6,8.3,1,0.52
1177,310,89,1,3.5,4.1,6.14,0,0.87
1178,322,88,5,4.5,3.1,9.68,1,0.73
1179,295,113,2,2.4,3.4,7.24,0,0.69
1180,330,108,5,4.1,2.7,7.79,1,0.52
1181,327,104,4,2.3,3.6,6.25,0,0.75
1182,300,80,3,3.1,4.1,7.34,0,0.56
1183,305,88,3,3.5,2.3,9.49,0,0.83
1184,336,110,3,3.2,2.9,7.73,1,0.95
1185,304,87,3,2.3,2.6,6.26,1,0.98
1186,310,114,1,4.8,4.7,7.9,0,0.74
1187,330,94,1,4.5,4.9,6.6,1,0.56
1188,313,114,5,2.5,4.5,9.59,1,0.78
1189,289,94,2,3.3,3.8,8.02,1,0.54
1190,333,80,1,2.6,4.6,9.08,0,0.78
1191,292,106,2,3.8,4.2,7.14,1,0.62
1192,334,92,4,3.6,4.7,8.2,0,0.63
1193,327,105,5,4.1,5.0,9.23,0,0.6
1194,306,83,4,2.4,3.9,9.06,0,0.88
1195,324,105,2,2.9,2.6,7.06,0,0.68
1196,294,109,1,3.8,3.9,9.93,1,0.71
1197,283,97,5,3.0,2.1,7.91,0,0.55
1198,312,114,2,4.2,3.7,7.11,0,0.6
1199,333,109,1,2.1,3.2,9.13,0,0.67
1200,336,115,4,3.6,2.1,6.83,0,0.67
1201,293,113,5,3.1,4.1,7.5,0,0.79
1202,328,81,2,2.7,4.6,9.77,1,1.0
1203,329,92,2,5.0,4.3,6.37,0,0.61
1204,340,90,5,2.1,3.5,6.09,1,0.93
1205,300,109,5,3.1,2.3,9.19,0,0.9
1206,301,115,3,3.7,4.2,9.04,0,0.77
1207,313,91,1,4.4,3.0,7.06,0,1.0
1208,299,86,5,3.7,2.9,8.18,1,0.73
1209,332,106,2,3.4,3.7,7.34,0,0.56
1210,299,106,5,4.1,4.7,7.65,1,0.69
1211,299,95,2,3.4,2.5,6.19,0,0.77
1212,336,118,1,3.6,3.1,7.97,0,0.6
1213,291,114,4,3.4,3.4,6.83,0,0.75
1214,309,111,4,4.9,4.7,8.75,0,0.68
1215,324,117,5,4.1,4.0,7.59,0,0.61
1216,312,107,2,2.6,2.6,9.77,0,0.71
1217,332,81,1,4.1,5.0,9.47,0,0.61
1218,332,114,3,2.5,3.9,9.62,1,0.73
1219,332,95,4,3.5,4.1,6.38,1,0.81
1220,320,93,4,3.0,2.4,6.53,0,0.93
1221,293,110,5,2.2,3.8,6.09,1,0.65
1222,315,99,5,2.3,5.0,6.29,1,0.53
1223,332,104,1,2.2,2.7,7.7,1,0.51
1224,295,88,1,4.1,2.9,8.66,0,0.73
1225,317,120,4,2.1,3.6,8.82,0,0.59
1226,282,100,5,3.5,2.7,7.98,0,0.97
1227,315,118,3,3.9,3.0,9.04,0,0.87
1228,288,80,4,2.5,4.5,7.03,1,0.96
1229,321,119,1,4.7,4.6,7.89,1,0.69
1230,291,115,3,2.4,4.0,8.15,1,0.96
1231,286,81,2,3.4,4.8,9.41,1,0.91
1232,337,83,1,3.4,2.8,9.82,1,0.76
1233,300,91,4,5.0,4.3,6.48,0,0.63
1234,299,113,4,3.1,2.6,9.44,1,0.9
1235,296,96,4,2.2,3.3,9.11,1,0.84
1236,321,106,5,3.8,4.7,6.65,1,0.7
1237,306,89,4,2.5,2.3,8.55,1,0.94
1238,310,93,1,3.2,2.9,8.48,0,0.54
1239,317,105,3,3.1,2.3,6.32,0,0.68
1240,290,110,5,4.8,3.1,6.47,1,0.66
1241,328,97,2,5.0,3.0,6.53,0,0.8
1242,311,105,1,3.5,5.0,6.98,0,0.73
1243,282,104,2,3.2,4.0,6.01,0,0.9
1244,284,108,3,2.8,2.1,6.17,1,0.67
1245,322,114,1,3.9,3.2,9.39,0,0.86
1246,308,98,4,2.7,2.1,9.79,0,0.5
1247,313,82,5,4.8,2.2,6.22,0,0.84
1248,280,113,4,4.3,3.4,6.45,0,0.99
1249,282,88,2,2.7,2.0,7.52,1,0.63
1250,289,111,2,3.4,3.1,9.82,0,0.87
1251,308,107,5,3.9,2.1,6.53,1,0.54
1252,329,106,5,4.8,4.0,8.89,0,0.75
1253,340,112,4,2.2,3.7,6.73,1,0.97
1254,290,117,1,3.3,5.0,6.12,0,0.77
1255,294,119,5,2.5,2.6,6.39,0,0.57
1256,339,115,1,3.4,4.7,7.33,0,0.51
1257,285,117,2,2.1,2.2,7.7,0,0.54
1258,319,103,4,4.0,4.2,6.34,1,0.66
1259,284,104,4,4.2,3.8,6.36,1,0.8
1260,301,92,5,3.9,4.8,8.51,1,0.53
1261,336,118,1,4.0,3.9,9.14,1,0.62
1262,335,95,4,2.4,3.5,8.65,1,0.99
1263,318,100,4,2.4,4.5,6.33,0,0.96
1264,337,108,1,2.4,2.7,7.75,0,0.62
1265,309,109,2,3.8,3.3,7.97,0,0.93
1266,319,113,2,2.4,4.4,7.0,0,0.73
1267,287,100,5,3.9,2.2,9.11,1,0.8
1268,298,109,4,2.3,4.5,9.57,1,0.95
1269,305,106,2,3.7,2.2,9.66,1,0.79
1270,338,88,1,3.1,3.4,6.93,1,0.7
1271,334,82,3,3.3,3.5,7.83,0,0.66
1272,312,95,5,4.0,2.5,8.2,0,0.85
1273,320,98,1,2.2,4.6,8.07,1,0.7
1274,300,85,5,4.3,3.7,6.98,1,0.54
1275,292,107,1,2.0,3.8,8.03,0,0.83
1276,296,96,1,2.6,4.7,6.89,0,0.62
1277,313,120,3,3.0,2.5,6.06,1,0.9
1278,312,114,5,2.4,4.8,7.72,0,0.75
1279,293,114,4,4.3,4.8,8.59,0,0.78
1280,335,90,2,4.0,3.3,8.77,0,0.59
1281,291,89,3,3.7,2.3,8.94,1,0.72
1282,324,94,5,4.8,2.5,6.68,0,0.99
1283,333,88,2,2.6,4.2,6.51,0,0.51
1284,334,97,2,2.5,4.0,9.24,1,0.62
1285,297,118,5,4.1,3.3,7.23,1,0.83
1286,299,102,2,4.2,4.7,9.91,1,0.69
1287,293,88,4,3.2,4.3,7.33,0,0.83
1288,306,88,1,2.8,2.2,7.34,0,0.91
1289,307,96,1,3.0,3.1,9.76,0,0.98
1290,298,107,3,2.6,3.0,9.0,1,0.99
1291,302,106,3,2.5,2.3,7.49,0,0.53
1292,328,98,5,4.8,2.6,6.96,0,0.91
1293,295,88,5,4.6,4.6,9.12,0,0.51
1294,285,87,5,2.8,3.7,8.26,0,0.88
1295,305,105,2,2.9,4.8,7.7,0,0.81
1296,311,85,3,2.7,4.1,8.32,1,0.86
1297,329,110,1,4.6,4.2,9.92,0,0.55
1298,311,93,5,2.4,2.2,7.82,1,0.81
1299,325,108,2,2.3,3.2,8.17,0,0.91
1300,333,92,2,2.9,3.8,7.93,1,0.66
1301,309,112,3,2.6,2.6,7.58,0,0.79
1302,295,115,4,4.8,3.8,9.61,1,0.78
1303,310,90,4,4.3,2.3,8.52,1,0.76
1304,280,101,2,3.7,3.4,7.02,0,0.89
1305,333,85,2,4.0,4.0,7.28,0,0.91
1306,281,108,3,3.4,3.0,6.26,0,0.72
1307,340,113,1,4.8,3.0,6.51,1,0.82
1308,330,116,1,4.1,4.9,6.48,1,0.66
1309,318,95,1,4.2,4.1,6.08,0,0.55
1310,325,81,5,2.0,2.9,7.35,0,0.63
1311,300,92,4,2.9,4.4,8.41,1,0.6
1312,300,112,3,2.0,4.0,8.61,0,0.85
1313,292,113,1,2.5,3.8,6.76,1,0.68
1314,291,85,2,3.4,4.3,8.52,1,0.94
1315,335,104,5,3.6,3.5,9.33,0,0.91
1316,299,80,1,3.7,3.5,8.38,0,0.76
1317,312,111,3,3.7,2.9,9.47,0,0.52
1318,293,80,4,2.0,3.6,9.06,1,0.76
1319,326,97,1,2.0,3.4,8.59,0,0.85
1320,332,88,5,2.8,2.5,8.07,0,0.86
1321,288,119,5,4.3,2.8,7.28,0,0.78
1322,312,91,2,3.7,3.3,9.22,0,0.95
1323,333,89,2,4.4,4.7,8.51,1,0.94
1324,305,90,3,3.4,4.2,7.6,0,0.97
1325,334,88,5,3.3,4.4,6.46,0,0.81
1326,295,114,1,3.8,4.2,9.26,1,0.67
1327,281,120,4,2.8,4.6,9.72,0,0.68
1328,328,113,2,2.1,3.4,6.81,1,0.59
1329,280,96,3,2.6,2.1,9.52,0,0.82
1330,305,108,2,3.7,4.4,9.22,0,0.94
1331,304,86,3,2.6,2.2,9.05,1,0.62
1332,305,110,2,4.9,4.5,7.77,1,0.88
1333,295,87,1,4.4,3.5,8.67,1,0.66
1334,318,95,1,2.0,4.3,8.86,1,0.66
1335,291,93,3,3.8,4.0,7.55,1,0.97
1336,320,113,3,2.2,3.5,6.02,0,0.69
1337,317,84,2,2.2,4.8,9.77,0,0.78
1338,327,114,3,3.5,2.6,7.38,1,0.76
1339,340,83,5,3.5,3.8,7.82,1,0.79
1340,290,96,2,4.4,3.1,9.97,0,0.79
1341,296,90,5,4.3,2.9,9.54,0,0.87
1342,285,96,4,3.8,4.8,8.79,0,0.76
1343,310,109,3,2.7,2.5,8.86,0,0.6
1344,324,120,3,3.1,3.4,7.14,0,0.78
1345,297,92,5,2.5,4.2,9.64,0,0.73
1346,325,92,3,2.3,4.2,6.17,0,0.52
1347,315,101,1,3.7,2.4,7.28,1,0.93
1348,321,83,3,3.5,4.8,7.74,0,0.89
1349,309,106,5,2.9,3.9,8.29,0,0.85
1350,312,82,4,2.0,3.2,8.9,1,0.97
1351,320,103,1,3.7,4.4,7.1,0,0.55
1352,335,110,1,2.4,5.0,6.44,1,0.85
1353,305,94,5,3.4,3.3,6.64,1,0.6
1354,281,104,2,3.0,2.6,6.37,1,0.95
1355,330,109,1,3.1,2.4,7.16,0,0.61
1356,321,96,4,4.3,2.4,8.72,1,0.59
1357,282,95,2,3.7,3.1,7.66,1,0.95
1358,307,113,5,2.5,4.6,7.68,1,0.74
1359,324,113,4,2.6,3.5,8.36,1,0.68
1360,305,85,4,3.2,4.8,7.38,1,0.55
1361,314,81,3,4.6,3.5,6.34,1,0.56
1362,319,89,4,3.7,4.3,8.17,1,0.99
1363,329,92,5,3.5,2.2,7.23,1,0.73
1364,305,119,5,3.0,3.5,6.72,0,0.65
1365,340,109,5,2.9,4.2,7.49,0,0.81
1366,321,87,1,4.4,4.7,9.11,0,0.59
1367,332,103,2,4.6,2.5,7.06,0,0.84
1368,286,120,5,2.1,3.2,8.35,1,0.84
1369,338,117,3,4.5,4.1,9.85,0,0.82
1370,336,94,4,2.9,2.5,6.64,0,0.76
1371,332,103,2,2.6,2.1,6.69,1,0.5
1372,288,91,2,3.0,3.4,7.39,1,0.88
1373,303,92,4,2.8,4.6,8.34,0,0.81
1374,335,102,4,2.1,2.3,9.61,0,0.78
1375,335,120,3,2.4,2.4,6.72,1,0.55
1376,302,81,4,2.8,3.3,7.73,1,0.66
1377,306,98,2,3.1,4.0,9.34,1,0.77
1378,296,111,3,2.5,3.2,8.1,0,0.87
1379,282,105,4,3.6,4.0,8.56,0,0.63
1380,290,94,4,2.8,4.7,6.17,1,0.7
1381,319,103,4,2.6,2.6,6.92,0,0.6
1382,308,93,3,2.5,2.5,9.62,0,0.76
1383,288,94,3,4.4,2.8,8.53,0,0.51
1384,336,85,1,3.9,2.7,8.55,0,0.74
1385,291,110,5,4.6,3.7,7.57,1,0.75
1386,334,105,2,3.9,3.8,9.85,1,0.75
1387,282,83,3,2.0,4.7,8.13,1,0.51
1388,333,118,1,4.4,3.6,8.25,1,0.97
1389,319,82,2,4.9,2.8,6.18,1,0.6
1390,281,114,3,4.9,4.3,8.12,1,0.74
1391,297,110,3,2.5,4.1,6.55,1,0.5
1392,316,93,2,3.3,4.7,9.87,1,0.76
1393,299,80,2,3.0,4.1,9.12,1,0.69
1394,323,80,1,3.9,3.7,7.64,1,0.51
1395,323,80,5,2.2,4.7,8.56,0,0.87
1396,333,97,4,3.0,2.6,6.72,0,0.89
1397,325,106,5,2.7,2.4,8.27,0,0.75
1398,287,92,5,3.2,2.1,6.36,1,0.58
1399,333,86,2,4.1,4.9,9.31,1,0.64
1400,304,92,3,3.2,2.1,9.81,1,0.63
1401,289,98,1,4.2,4.1,7.4,0,0.74
1402,329,107,2,4.3,4.4,9.94,1,0.99
1403,293,85,2,3.9,4.8,8.0,0,0.93
1404,285,115,4,4.0,3.3,6.58,0,0.71
1405,332,107,3,3.9,2.2,9.8,0,0.83
1406,283,112,3,4.4,2.0,9.51,0,0.76
1407,321,110,3,2.5,3.4,8.28,0,0.71
1408,291,93,3,4.5,3.3,7.95,1,0.79
1409,306,112,1,2.0,3.3,8.37,0,0.93
1410,290,102,1,4.0,4.0,7.29,1,0.53
1411,293,112,1,3.1,4.7,6.72,0,0.6
1412,317,95,1,4.4,4.5,8.79,1,0.57
1413,283,90,4,4.5,2.5,9.26,0,0.8
1414,336,87,1,2.8,3.6,7.29,0,0.6
1415,305,108,5,3.5,4.0,9.73,1,0.87
1416,282,100,1,4.1,4.8,7.81,1,0.85
1417,316,83,5,2.6,2.1,7.08,0,0.84
1418,296,100,2,4.3,2.8,8.05,0,0.79
1419,308,109,1,2.7,3.9,7.47,1,0.71
1420,280,83,1,3.5,4.7,8.03,0,0.79
1421,308,87,5,4.8,3.2,7.05,1,0.63
1422,324,103,4,2.7,3.7,7.37,1,0.96
1423,302,108,1,5.0,3.4,7.48,1,0.72
1424,299,82,3,4.2,2.6,8.15,0,0.92
1425,301,84,3,4.7,4.1,9.79,0,0.72
1426,336,104,1,3.9,2.4,6.53,0,0.65
1427,314,115,1,2.2,4.3,7.43,1,0.51
1428,306,103,3,2.1,3.3,9.32,1,0.55
1429,311,82,2,2.7,4.9,9.78,0,0.7
1430,316,90,1,4.6,3.5,6.85,1,0.86
1431,299,82,1,3.3,3.0,6.72,1,0.59
1432,332,120,5,4.5,3.8,6.95,1,0.72
1433,313,90,2,3.0,4.0,8.1,1,0.76
1434,286,88,1,4.8,4.8,8.0,1,0.72
1435,306,90,1,4.0,4.1,9.46,1,0.73
1436,314,81,1,2.1,4.8,7.31,1,0.95
1437,314,89,3,4.4,3.6,8.65,1,0.57
1438,306,88,1,4.1,2.9,9.85,1,0.94
1439,309,96,3,2.6,4.9,8.59,1,0.69
1440,327,82,2,3.1,2.0,8.65,1,0.79
1441,284,85,5,4.0,3.0,6.49,1,0.68
1442,326,102,2,2.0,4.9,9.23,0,0.96
1443,305,104,2,3.5,4.1,8.51,1,0.7
1444,328,107,2,2.1,3.0,7.8,0,0.71
1445,309,98,3,3.7,3.4,7.54,1,0.85
1446,294,91,1,2.0,4.6,6.11,0,0.81
1447,285,114,2,2.7,3.0,6.05,0,0.72
1448,330,111,3,3.0,4.4,9.19,1,0.91
1449,309,82,3,3.8,3.2,8.35,0,0.75
1450,315,87,3,3.8,2.2,7.0,0,0.89
1451,325,111,4,3.6,2.9,7.86,0,0.97
1452,340,101,2,4.2,2.7,6.15,1,0.54
1453,289,115,4,3.0,4.0,8.03,1,0.71
1454,322,89,1,2.8,3.8,9.34,0,0.96
1455,285,96,3,3.9,2.4,7.64,1,1.0
1456,305,116,2,3.3,2.8,7.3,0,0.88
1457,338,84,2,2.3,4.8,8.73,0,0.94
1458,337,110,4,2.6,2.5,6.96,1,0.56
1459,283,106,2,3.0,3.9,8.95,1,0.74
1460,288,93,3,4.9,4.4,6.46,1,0.72
1461,301,80,2,3.1,2.1,9.55,0,0.58
1462,298,102,2,2.7,2.6,8.98,0,0.86
1463,307,87,5,4.3,3.4,6.28,1,0.65
1464,338,93,3,4.4,2.8,6.0,1,0.63
1465,302,98,4,4.1,4.6,6.33,1,0.66
1466,310,111,4,4.3,3.0,8.67,0,0.86
1467,305,98,4,2.6,3.6,8.98,0,0.66
1468,336,82,2,3.7,2.1,7.87,1,0.95
1469,302,83,5,3.3,2.9,9.33,1,0.73
1470,321,94,1,4.4,3.8,6.12,0,0.64
1471,299,97,5,4.7,2.5,8.52,0,0.93
1472,312,117,4,2.0,2.5,9.73,0,0.62
1473,309,99,4,4.4,4.9,6.46,0,0.65
1474,313,93,3,3.7,4.1,8.53,1,0.9
1475,290,102,5,3.3,3.8,9.78,0,0.65
1476,294,88,2,2.2,2.6,8.76,0,0.6
1477,289,81,1,4.3,3.2,9.97,1,0.89
1478,338,89,1,2.7,3.0,7.91,0,0.88
1479,285,101,5,2.8,3.3,7.88,0,0.91
1480,308,117,5,2.4,4.4,9.71,1,0.78
1481,288,86,4,3.6,2.8,9.15,1,0.98
1482,285,118,4,3.6,4.7,7.05,1,0.9
1483,299,115,3,4.2,2.8,8.49,1,0.98
1484,280,107,5,3.8,2.7,9.75,0,0.55
1485,333,116,1,4.9,2.7,8.29,0,0.99
1486,314,101,2,4.4,2.3,6.97,1,1.0
1487,334,112,4,4.6,2.4,7.98,1,0.99
1488,293,109,3,4.3,3.8,6.18,1,0.67
1489,299,84,3,2.9,3.9,7.51,0,0.76
1490,319,104,1,2.6,3.4,7.34,0,0.83
1491,301,93,2,4.6,4.3,6.59,1,0.94
1492,321,106,2,4.0,4.8,7.88,1,0.94
1493,327,102,2,2.7,2.3,9.87,1,0.61
1494,325,107,3,2.5,2.5,6.21,1,0.71
1495,322,88,5,3.0,3.3,8.66,1,0.81
1496,295,82,2,4.9,4.8,9.38,0,0.55
1497,295,119,3,3.7,4.6,8.78,1,0.61
1498,324,98,2,4.5,2.9,8.92,1,0.68
1499,340,82,2,2.1,4.0,6.96,1,0.64
1500,329,109,5,4.9,3.6,7.81,1,1.0
1501,292,119,2,2.9,3.9,8.63,1,0.65
1502,328,90,5,2.4,5.0,7.99,0,0.72
1503,305,96,4,3.2,2.2,8.45,0,0.76
1504,288,101,1,2.9,4.7,7.34,1,0.8
1505,326,116,2,4.3,3.7,7.89,1,0.59
1506,287,106,5,3.7,4.5,8.81,1,0.88
1507,313,87,2,4.9,4.1,8.91,0,0.97
1508,284,88,5,4.1,4.6,9.41,1,0.85
1509,305,94,5,2.5,3.8,8.0,0,0.54
1510,316,90,5,5.0,3.3,7.4,0,0.64
1511,290,102,3,4.9,3.2,6.8,1,0.54
1512,306,115,5,2.4,4.5,6.84,1,0.74
1513,323,104,5,3.7,4.2,9.11,1,0.73
1514,313,104,2,2.6,3.2,8.04,0,0.98
1515,295,92,5,4.1,3.8,6.56,1,0.59
1516,308,87,5,4.7,2.1,6.25,0,0.69
1517,309,109,2,4.3,3.2,9.55,1,0.88
1518,299,105,1,2.8,3.8,8.08,0,0.77
1519,322,87,2,4.5,4.9,7.08,0,0.58
1520,331,89,2,4.9,3.2,9.05,0,0.91
1521,336,112,4,3.3,3.5,6.66,1,0.77
1522,338,109,3,2.1,4.4,8.17,1,0.67
1523,324,90,2,3.1,2.6,8.98,1,0.79
1524,282,97,5,2.8,4.3,6.47,0,0.79
1525,305,95,2,3.2,4.2,8.29,0,0.75
1526,303,98,5,2.3,2.0,8.11,1,0.85
1527,308,85,2,4.7,2.4,8.6,0,0.75
1528,335,92,4,3.4,3.2,9.15,0,0.56
1529,283,118,2,4.2,2.4,7.5,1,0.97
1530,300,113,5,4.0,4.8,6.1,1,0.93
1531,301,109,1,2.5,2.4,7.53,1,0.8
1532,329,97,2,4.2,2.6,7.38,0,0.56
1533,307,89,2,2.9,4.0,8.75,0,0.7
1534,339,94,3,4.3,4.5,8.03,1,0.55
1535,337,118,3,3.5,4.8,9.8,1,0.99
1536,311,96,1,3.5,2.2,8.82,0,0.99
1537,314,105,1,2.9,3.9,7.8,1,0.73
1538,280,90,4,4.1,4.1,7.3,0,0.5
1539,310,113,5,3.6,2.2,9.2,0,0.63
1540,295,108,4,4.5,2.6,8.49,0,0.94
1541,303,105,2,2.2,3.9,6.5,0,0.75
1542,293,88,3,3.7,3.6,6.52,0,0.83
1543,291,100,4,3.1,2.3,8.18,1,0.76
1544,300,104,5,3.1,2.0,9.26,0,0.74
1545,287,115,2,3.4,4.6,6.96,1,0.84
1546,292,97,5,3.4,3.3,9.19,1,0.84
1547,286,86,1,3.6,2.2,6.16,0,0.54
1548,338,84,5,2.3,3.9,6.46,0,0.93
1549,315,117,1,3.6,3.3,8.01,0,0.57
1550,300,87,2,3.1,3.8,7.36,1,0.72
1551,297,89,5,2.7,2.9,9.35,1,0.71
1552,282,100,4,4.5,4.1,8.43,0,0.89
1553,310,95,3,4.1,4.8,7.01,1,0.65
1554,300,83,5,2.5,2.6,6.03,1,0.57
1555,286,98,1,2.4,2.4,8.88,1,0.81
1556,312,82,3,3.2,3.7,8.69,1,0.99
1557,295,87,1,3.0,4.6,7.13,0,0.75
1558,322,95,2,2.6,2.5,6.03,1,0.94
1559,321,85,4,3.4,2.8,8.08,1,0.85
1560,326,83,4,4.0,4.3,7.96,0,0.98
1561,338,81,3,4.5,4.1,7.62,1,0.57
1562,293,83,4,2.4,2.0,8.91,0,1.0
1563,333,111,4,3.4,3.9,6.16,1,0.66
1564,282,109,5,2.4,4.7,8.88,0,0.92
1565,324,116,4,2.5,3.3,7.86,1,0.96
1566,282,83,3,3.6,2.1,6.25,1,0.63
1567,304,89,3,4.1,2.2,7.61,0,0.56
1568,315,103,4,2.1,2.2,8.69,0,0.92
1569,333,107,1,3.1,4.7,7.99,0,0.89
1570,338,98,4,3.3,4.8,8.94,0,0.79
1571,325,107,1,2.4,2.2,8.44,1,0.92
1572,299,94,4,2.6,2.1,7.8,1,0.74
1573,309,94,5,2.7,3.1,9.23,0,0.71
1574,304,102,4,3.7,2.9,9.51,0,0.59
1575,320,82,4,3.9,2.1,6.57,0,0.82
1576,313,118,3,3.7,3.3,8.55,1,1.0
1577,323,115,2,2.6,2.1,6.52,0,0.99
1578,313,86,1,3.6,4.5,7.18,1,0.6
1579,318,104,1,3.4,3.2,8.4,0,0.52
1580,317,104,4,2.2,3.1,8.02,0,0.57
1581,316,112,5,3.4,2.3,8.86,0,0.73
1582,326,102,4,5.0,4.5,7.78,1,0.97
1583,298,81,5,2.9,4.9,8.04,0,0.78
1584,325,88,2,2.0,3.2,6.3,1,0.8
1585,333,88,3,3.1,3.2,7.62,0,0.81
1586,309,106,2,4.2,4.3,8.89,0,0.66
1587,321,85,5,2.1,2.5,7.32,1,0.54
1588,307,117,1,3.9,3.2,6.01,0,1.0
1589,301,94,2,3.8,4.8,7.93,0,0.52
1590,331,96,4,2.7,3.3,7.97,0,0.69
1591,327,83,1,2.7,2.2,7.55,0,0.51
1592,326,117,2,3.2,4.9,6.42,0,0.81
1593,323,119,1,3.1,2.0,7.4,1,0.93
1594,300,103,4,2.9,4.5,6.99,0,0.53
1595,315,87,2,4.4,2.6,8.21,0,0.87
1596,326,103,3,2.6,3.8,6.3,0,0.89
1597,281,104,4,3.0,4.4,7.43,1,0.84
1598,318,111,1,2.3,3.2,8.42,1,0.93
1599,313,88,3,3.7,5.0,8.74,0,0.61
1600,298,100,5,2.8,4.4,9.0,1,0.95
1601,289,88,5,5.0,2.0,8.29,1,0.62
1602,329,104,5,4.7,3.5,7.64,1,0.58
1603,323,95,4,3.0,2.3,6.75,1,0.65
1604,318,95,1,4.8,2.8,6.69,0,0.83
1605,286,87,1,2.3,4.7,8.46,0,0.82
1606,305,105,2,4.1,4.7,8.47,1,0.7
1607,333,106,1,2.4,4.6,6.03,0,0.69
1608,290,94,5,4.3,4.9,7.9,1,0.99
1609,288,89,5,2.1,2.5,6.68,0,0.58
1610,293,112,2,3.7,4.4,6.83,0,0.64
1611,287,88,1,2.2,3.0,8.67,1,0.88
1612,320,87,2,2.5,4.6,9.88,0,0.59
1613,293,99,1,4.1,3.5,7.9,1,0.95
1614,309,118,2,3.6,2.1,8.61,0,0.72
1615,287,99,5,2.1,3.9,8.38,0,0.79
1616,340,104,4,2.6,4.6,6.95,0,0.59
1617,314,104,2,3.0,5.0,7.38,0,0.6
1618,323,81,5,3.1,3.2,9.61,0,0.54
1619,287,119,4,2.2,3.7,8.6,0,0.79
1620,306,118,5,4.7,3.5,6.93,0,0.65
1621,280,84,5,2.2,4.1,6.86,0,0.6
1622,321,86,5,4.5,3.3,8.83,1,0.79
1623,315,80,5,2.9,3.9,8.01,0,0.9
1624,315,118,5,3.3,4.3,8.52,0,0.65
1625,337,105,5,3.5,3.2,6.05,1,0.66
1626,328,113,1,4.2,3.0,9.27,1,0.84
1627,309,93,4,4.5,4.6,6.47,0,0.75
1628,299,101,5,2.6,4.5,7.84,0,0.55
1629,293,120,1,3.2,2.8,6.95,0,0.97
1630,281,89,3,2.5,3.5,9.17,1,0.96
1631,282,116,2,4.2,2.2,6.87,0,0.99
1632,304,94,4,3.9,3.6,6.01,0,0.99
1633,283,119,4,2.2,2.5,6.65,0,0.95
1634,280,89,2,2.5,3.4,9.93,0,0.9
1635,334,80,2,3.9,2.2,9.61,0,0.93
1636,294,95,5,4.0,4.4,7.02,0,0.91
1637,327,102,2,2.9,3.6,6.32,1,0.65
1638,333,94,4,3.3,2.3,9.01,1,0.92
1639,296,104,4,2.4,4.8,7.54,0,0.93
1640,286,114,4,4.4,4.5,7.43,0,0.52
1641,322,115,2,2.8,2.7,8.6,0,0.96
1642,283,108,1,4.0,2.0,6.46,1,0.56
1643,316,108,2,4.0,3.1,6.3,0,0.72
1644,280,92,5,4.1,4.8,9.04,1,0.98
1645,303,89,1,4.2,3.7,9.09,0,0.62
1646,334,110,4,3.9,4.0,6.52,1,0.94
1647,314,102,3,4.3,4.5,7.08,1,0.96
1648,311,100,2,2.8,3.6,8.77,1,0.97
1649,287,93,4,2.1,3.6,6.79,1,0.98
1650,293,108,3,3.4,3.1,7.39,0,0.8
1651,298,110,1,2.0,3.7,9.12,1,0.83
1652,313,92,2,5.0,4.2,8.28,1,0.85
1653,310,92,5,2.6,4.5,6.89,1,0.79
1654,295,106,3,5.0,2.5,9.08,0,0.99
1655,285,99,5,2.2,4.0,8.89,1,0.8
1656,331,120,5,2.9,2.8,6.86,1,0.63
1657,303,100,1,2.6,4.0,6.39,1,0.76
1658,326,119,3,4.7,4.1,7.89,1,0.94
1659,288,101,3,2.2,2.5,9.92,0,0.72
1660,284,107,1,4.7,2.7,7.62,0,0.51
1661,317,92,5,2.1,3.7,9.5,1,0.55
1662,318,100,5,3.6,4.4,9.32,1,0.82
1663,294,91,4,3.2,2.9,7.58,1,0.93
1664,332,92,3,4.9,3.3,6.94,0,0.95
1665,304,89,3,2.3,4.0,8.08,1,0.87
1666,325,99,5,3.7,2.8,7.85,0,0.94
1667,310,99,5,3.2,4.5,9.08,0,0.63
1668,310,92,2,2.1,3.5,8.04,1,0.82
1669,335,117,4,3.2,4.2,7.19,1,0.6
1670,329,84,3,2.0,4.8,8.65,1,0.55
1671,319,106,5,4.3,3.5,6.67,1,0.87
1672,299,103,1,3.7,4.3,6.09,1,0.58
1673,304,118,3,3.1,3.6,7.01,0,0.51
1674,282,90,5,2.3,2.8,7.2,1,0.96
1675,312,98,5,3.9,2.3,8.58,0,0.62
1676,326,83,5,4.8,3.4,7.3,1,0.81
1677,303,92,2,2.1,3.0,6.15,0,0.99
1678,331,115,5,2.6,3.7,6.87,0,0.63
1679,322,114,1,3.3,4.3,6.69,1,0.91
1680,338,111,2,4.4,2.9,6.9,0,0.9
1681,293,98,1,4.2,3.7,7.37,1,0.78
1682,305,91,3,3.1,2.8,7.64,0,0.87
1683,339,112,2,3.2,2.1,6.22,1,0.57
1684,332,111,1,3.4,2.7,9.52,0,0.75
1685,339,106,2,3.8,4.3,8.06,1,0.7
1686,326,94,1,3.7,2.3,6.62,1,0.97
1687,323,115,1,2.8,3.4,9.39,0,0.84
1688,306,111,5,3.9,4.3,6.4,0,0.98
1689,322,119,4,2.8,4.4,7.55,0,0.91
1690,299,90,5,4.1,4.8,8.46,1,0.83
1691,287,84,3,4.9,4.7,8.81,1,0.79
1692,306,83,5,3.8,2.8,7.77,1,0.71
1693,297,115,2,2.9,3.4,9.93,0,0.57
1694,297,85,5,2.9,2.4,9.08,1,0.63
1695,289,116,2,3.0,3.5,7.75,0,0.7
1696,327,111,3,3.7,4.4,9.62,1,0.52
1697,294,84,5,3.5,3.3,7.61,1,0.79
1698,337,93,2,3.6,4.0,6.91,0,0.88
1699,339,91,5,2.3,4.1,8.3,1,0.57
1700,293,120,2,4.3,4.2,9.41,1,0.95
1701,334,97,4,2.9,4.7,9.53,1,0.71
1702,318,95,2,4.9,3.0,7.01,1,0.99
1703,327,80,2,4.6,4.3,7.38,0,0.53
1704,332,97,5,2.1,4.8,6.7,0,0.59
1705,299,112,3,4.8,4.6,8.52,1,0.69
1706,285,91,3,4.4,4.0,7.96,1,0.61
1707,313,104,3,2.8,4.6,7.03,1,0.73
1708,280,96,5,4.2,4.8,6.71,0,0.59
1709,323,106,2,2.2,2.6,8.47,1,0.82
1710,289,114,5,3.9,4.5,8.34,1,0.97
1711,330,93,2,2.5,2.9,7.13,1,0.91
1712,288,93,1,3.0,2.0,6.94,1,0.84
1713,296,88,5,4.7,4.2,6.28,1,0.64
1714,319,88,5,2.8,3.4,6.23,1,0.98
1715,282,80,4,2.7,4.8,6.04,0,0.67
1716,293,90,4,4.1,3.8,6.77,1,0.66
1717,316,102,4,4.1,2.2,9.03,0,0.74
1718,283,102,3,2.3,4.5,7.77,0,0.65
1719,333,85,2,3.9,4.1,9.42,0,0.62
1720,337,114,4,4.0,3.1,9.54,0,0.67
1721,312,118,5,4.4,2.7,9.05,1,0.74
1722,324,111,4,3.1,3.6,7.63,0,0.54
1723,281,118,4,2.3,4.2,8.64,1,0.95
1724,329,92,4,4.9,4.9,6.7,1,0.56
1725,296,89,5,3.0,4.1,7.99,1,0.52
1726,302,114,3,4.0,3.4,6.91,0,0.51
1727,323,117,3,3.7,2.1,7.74,1,0.83
1728,335,81,3,4.1,2.2,7.18,1,0.96
1729,303,97,2,2.8,3.0,9.98,0,0.56
1730,294,99,5,4.1,3.0,6.66,0,0.86
1731,319,80,2,3.6,3.6,8.88,1,0.89
1732,295,99,2,3.2,2.4,8.38,0,0.55
1733,330,92,1,3.4,2.4,7.06,1,0.99
1734,305,117,3,3.9,4.0,8.46,0,0.7
1735,322,101,1,2.3,4.3,6.97,1,0.81
1736,311,102,4,2.1,2.5,7.49,0,0.52
1737,291,89,2,3.8,2.8,6.88,0,0.84
1738,328,100,5,4.7,4.9,8.77,1,0.91
1739,296,119,4,3.4,3.8,8.14,0,0.53
1740,311,112,4,2.5,2.6,6.91,0,0.92
1741,340,120,4,4.2,2.2,7.38,1,0.82
1742,329,93,1,2.5,3.0,8.63,0,0.66
1743,309,108,4,4.3,4.8,8.97,0,0.76
1744,327,93,3,4.6,2.9,8.8,0,0.86
1745,295,85,2,2.5,2.4,9.79,1,0.81
1746,315,97,2,3.5,3.5,6.44,1,0.64
1747,309,85,1,3.6,3.4,9.05,1,0.8
1748,292,83,5,4.1,3.8,6.65,0,0.93
1749,303,92,1,2.6,3.3,9.5,0,0.83
1750,305,87,1,2.2,3.9,9.48,0,0.97
1751,336,107,4,2.7,2.4,7.37,0,0.84
1752,300,80,1,4.7,3.9,7.22,0,0.89
1753,314,108,1,3.7,3.8,9.48,1,0.78
1754,325,90,4,4.2,3.2,6.52,0,0.53
1755,282,113,1,3.4,3.0,9.06,1,0.69
1756,317,119,2,3.9,3.4,6.46,0,0.69
1757,299,119,1,2.8,4.0,6.25,1,0.79
1758,291,108,4,3.5,4.4,9.34,1,0.85
1759,287,92,3,4.8,4.7,6.43,0,0.93
1760,332,97,1,4.3,4.4,8.45,1,0.98
1761,284,104,3,2.2,4.2,7.63,0,0.53
1762,280,103,2,4.8,4.4,7.56,0,0.78
1763,323,97,3,5.0,3.5,7.35,0,0.83
1764,309,111,5,2.0,2.0,7.2,1,0.7
1765,304,104,1,4.5,5.0,6.24,1,0.58
1766,293,103,5,3.6,3.9,7.02,1,0.97
1767,293,80,1,2.8,2.5,9.41,1,0.96
1768,333,113,2,3.8,3.2,9.61,0,0.82
1769,306,93,4,3.5,4.9,9.19,0,0.65
1770,306,80,3,3.6,3.6,7.32,1,0.55
1771,289,118,2,4.4,3.9,6.42,1,0.69
1772,333,102,3,3.2,2.2,6.89,1,0.93
1773,313,90,2,3.9,4.9,8.01,0,0.87
1774,340,94,3,2.1,2.6,6.59,0,0.62
1775,334,97,1,3.7,3.9,7.77,0,0.99
1776,305,110,1,2.1,4.2,9.69,1,0.74
1777,303,108,4,4.2,2.0,7.8,1,0.82
1778,292,90,2,3.2,4.5,9.07,1,0.84
1779,288,82,4,4.3,3.3,7.66,1,0.8
1780,329,114,2,2.1,4.2,6.35,1,0.9
1781,312,97,2,4.8,2.0,6.47,1,0.71
1782,330,99,1,2.4,2.4,7.26,1,0.67
1783,337,113,3,2.6,2.7,6.92,0,0.97
1784,299,98,2,2.4,4.2,7.41,0,0.81
1785,294,115,5,2.5,2.7,6.9,0,0.53
1786,340,106,2,2.4,4.0,7.35,1,0.81
1787,324,102,5,3.6,2.6,7.86,0,0.99
1788,285,118,4,4.9,3.8,8.19,0,0.99
1789,332,89,2,2.4,2.2,6.49,1,0.6
1790,297,109,5,3.8,3.9,9.75,0,0.55
1791,319,80,5,2.9,3.5,6.98,0,0.8
1792,340,100,1,3.2,4.0,9.39,0,0.8
1793,294,97,1,4.5,2.6,9.06,1,0.68
1794,293,103,5,4.8,4.5,6.91,1,0.81
1795,328,119,2,3.0,2.4,9.82,1,0.62
1796,323,112,5,2.3,3.6,6.5,1,0.82
1797,293,98,1,2.9,2.3,6.74,0,0.82
1798,320,99,4,3.1,2.5,9.14,1,0.95
1799,298,107,3,2.7,4.5,6.05,0,0.63
1800,338,87,3,3.2,4.8,9.18,1,0.69
1801,324,86,5,4.0,4.6,7.39,0,0.68
1802,289,118,5,3.9,4.7,6.12,1,0.66
1803,313,82,2,3.0,2.5,6.25,1,0.51
1804,317,80,5,2.2,2.6,6.36,1,0.67
1805,280,113,5,4.1,2.6,6.12,1,0.97
1806,321,109,1,4.6,2.3,8.46,1,0.72
1807,298,94,5,4.7,4.6,6.13,0,0.72
1808,324,84,3,3.0,2.6,7.13,0,0.69
1809,283,106,3,3.7,4.8,8.64,0,0.89
1810,328,84,2,4.8,2.2,8.06,0,0.6
1811,283,85,2,2.1,3.5,6.73,0,0.51
1812,293,109,1,4.0,2.1,8.55,0,0.75
1813,311,90,2,3.6,2.8,7.7,1,0.59
1814,293,117,2,4.0,3.3,6.53,0,0.99
1815,335,102,5,4.5,3.3,6.73,1,0.73
1816,337,85,3,4.6,2.2,9.72,1,0.55
1817,284,97,5,4.5,4.3,8.58,1,0.8
1818,290,109,2,4.3,3.8,9.06,1,0.73
1819,317,88,1,3.8,2.6,6.3,1,0.64
1820,284,108,3,3.5,4.1,8.41,1,0.96
1821,308,115,2,4.5,4.0,6.47,1,0.58
1822,291,111,3,3.6,3.2,8.66,0,0.51
1823,296,85,2,2.3,4.3,7.2,0,0.7
1824,318,100,3,3.5,3.0,6.49,0,0.65
1825,316,98,2,2.4,4.2,8.64,1,0.61
1826,295,119,3,3.3,3.6,6.04,0,0.96
1827,328,113,5,4.1,4.4,6.5,0,0.68
1828,324,106,3,2.3,4.3,7.57,1,0.79
1829,334,105,5,3.4,5.0,7.42,0,0.87
1830,311,84,5,3.6,3.0,7.91,1,0.82
1831,316,93,1,4.8,3.3,9.39,0,0.85
1832,322,93,4,3.8,2.0,7.05,1,0.53
1833,292,96,4,3.0,2.8,7.87,0,0.75
1834,339,109,1,2.3,4.6,6.47,0,0.94
1835,327,84,4,4.9,3.8,9.67,0,0.97
1836,302,110,5,4.3,2.3,8.79,1,0.9
1837,291,106,5,4.0,3.0,9.14,1,0.57
1838,293,106,2,3.2,3.8,7.89,1,0.78
1839,292,118,4,2.2,3.0,7.04,0,0.91
1840,306,97,3,2.7,4.6,8.46,0,0.65
1841,317,85,5,4.7,2.1,8.54,1,0.58
1842,298,80,5,2.3,3.7,9.48,1,0.88
1843,333,107,4,4.0,3.2,7.82,1,0.73
1844,325,110,3,3.5,2.6,6.97,1,0.55
1845,286,91,1,4.5,2.1,8.78,1,0.82
1846,338,91,2,4.1,3.8,6.81,0,0.58
1847,307,106,5,3.5,4.8,9.13,1,0.92
1848,331,109,4,2.4,4.7,7.79,1,0.7
1849,291,84,5,2.8,2.1,9.67,1,0.86
1850,310,89,2,2.4,3.2,6.99,1,0.54
1851,312,97,5,3.7,2.2,6.74,1,0.84
1852,295,90,1,2.8,2.9,6.66,1,0.9
1853,300,101,1,4.4,4.0,7.37,1,0.54
1854,330,90,3,4.9,4.5,7.13,1,0.8
1855,320,113,1,2.4,2.0,9.52,0,0.72
1856,327,106,5,4.3,4.6,7.05,0,0.78
1857,313,91,3,4.0,3.7,7.43,0,0.97
1858,321,94,4,3.2,2.5,7.41,1,0.71
1859,308,101,4,4.0,3.4,7.76,1,0.55
1860,289,108,1,3.8,2.7,8.15,0,0.65
1861,290,92,4,3.6,3.7,8.85,1,0.63
1862,307,104,3,2.4,3.8,8.8,0,0.59
1863,280,101,4,4.6,3.2,7.0,1,0.58
1864,339,95,2,3.1,2.1,9.09,0,0.81
1865,283,100,4,2.5,4.9,8.36,1,0.68
1866,335,84,5,3.1,2.6,7.18,0,0.6
1867,317,101,1,3.9,3.6,6.81,0,0.78
1868,302,89,2,3.8,2.9,6.62,1,0.56
1869,328,90,3,2.9,3.2,6.85,0,0.87
1870,294,96,2,4.3,3.8,9.95,1,0.86
1871,315,95,4,2.1,3.6,9.52,0,0.95
1872,290,98,2,3.2,2.6,6.59,0,0.64
1873,310,119,5,3.8,3.5,7.74,0,0.99
1874,320,90,3,2.4,2.5,7.89,1,0.7
1875,285,89,3,3.6,4.6,7.97,0,0.51
1876,294,109,4,2.7,3.3,6.31,1,0.51
1877,298,117,2,4.3,4.8,8.11,0,0.69
1878,340,92,4,2.6,4.9,7.18,0,0.61
1879,284,109,1,2.3,4.8,9.72,0,0.53
1880,318,116,4,2.9,3.7,7.96,1,0.94
1881,339,87,3,4.6,2.6,8.08,0,0.57
1882,288,107,3,2.8,3.4,8.67,1,0.95
1883,280,112,5,4.5,3.8,7.14,1,0.93
1884,322,89,2,4.4,2.8,7.8,0,0.52
1885,291,109,5,3.7,2.5,8.0,1,0.65
1886,302,118,3,4.7,3.5,7.88,0,0.64
1887,329,118,4,3.5,2.5,6.11,1,0.86
1888,333,87,2,2.7,3.6,7.74,0,0.64
1889,319,115,1,4.5,4.4,9.32,1,0.57
1890,314,119,4,3.6,4.1,8.74,1,0.54
1891,328,112,2,2.5,3.6,8.93,0,0.93
1892,322,85,5,3.5,4.5,8.59,0,0.97
1893,296,103,5,3.9,2.3,8.1,0,0.81
1894,326,112,3,2.4,2.2,8.39,1,0.65
1895,299,93,1,2.3,2.1,7.24,0,0.72
1896,323,90,1,2.6,2.4,9.82,1,0.81
1897,294,97,4,2.9,4.3,6.99,0,0.93
1898,323,83,2,4.2,4.0,6.63,0,0.84
1899,294,110,3,4.8,4.5,8.48,0,0.87
1900,326,120,1,4.4,4.5,6.32,0,0.59
1901,293,98,2,4.2,4.2,8.28,0,0.85
1902,330,104,2,4.1,4.9,9.36,0,0.8
1903,309,88,5,4.8,5.0,9.22,0,0.92
1904,339,80,3,4.2,2.3,6.61,1,0.62
1905,303,80,2,3.4,2.3,9.51,0,0.7
1906,339,107,2,2.5,2.8,8.49,1,0.58
1907,334,111,3,3.3,2.9,9.79,0,0.73
1908,296,93,1,3.1,3.4,7.98,1,0.61
1909,303,118,4,4.2,4.6,9.26,1,0.63
1910,315,102,2,2.4,4.0,6.52,1,0.96
1911,293,90,2,2.6,4.8,9.59,1,0.73
1912,327,94,3,4.8,4.5,8.28,0,0.73
1913,330,120,5,2.1,3.1,9.68,0,0.91
1914,335,92,2,3.6,3.7,6.08,1,0.87
1915,294,88,4,2.6,3.5,6.14,1,0.75
1916,284,116,3,3.4,4.9,6.34,1,0.82
1917,294,84,5,2.6,3.9,6.79,1,0.57
1918,327,103,5,3.7,3.8,8.11,0,0.97
1919,319,119,3,3.6,3.7,8.57,0,0.53
1920,285,95,3,4.8,2.4,8.97,0,0.62
1921,328,114,4,2.4,4.1,9.75,1,0.61
1922,311,112,3,3.7,4.4,6.83,1,0.91
1923,285,85,4,3.6,4.2,9.28,0,1.0
1924,322,97,3,4.3,3.8,7.42,0,0.63
1925,320,90,5,3.7,2.1,6.98,1,0.61
1926,322,100,3,2.6,4.9,8.26,0,0.57
1927,312,84,1,3.4,4.7,6.17,1,0.83
1928,291,89,1,4.0,4.7,6.11,1,0.82
1929,336,80,2,4.5,4.3,6.02,1,0.95
1930,299,120,2,2.5,4.8,8.74,0,1.0
1931,308,105,4,4.3,3.0,7.71,1,0.6
1932,323,97,1,4.7,3.7,6.31,0,0.7
1933,329,114,3,3.4,2.1,9.45,0,0.94
1934,330,80,5,4.6,4.3,7.48,1,0.64
1935,318,91,4,3.2,4.4,7.22,1,0.78
1936,284,109,1,2.9,2.3,7.5,1,0.93
1937,320,117,1,2.5,3.8,7.75,1,0.57
1938,303,94,2,4.4,3.9,7.55,0,0.7
1939,333,88,5,4.3,4.2,6.51,1,0.95
1940,298,111,5,2.9,3.7,8.44,1,0.67
1941,340,98,2,3.4,2.7,9.16,0,0.59
1942,339,89,3,4.5,2.6,9.88,0,0.6
1943,290,101,2,2.3,3.0,8.77,1,0.88
1944,284,113,4,3.2,4.4,6.13,0,0.94
1945,330,84,3,4.6,4.8,6.21,1,0.91
1946,291,109,4,2.1,4.5,9.93,1,0.63
1947,281,80,5,3.1,4.8,9.49,1,0.88
1948,321,105,1,2.9,3.8,9.65,0,0.82
1949,328,87,5,2.0,2.5,8.33,0,0.57
1950,320,100,3,2.7,4.5,9.54,0,0.58
1951,318,114,1,4.5,2.3,9.34,1,0.99
1952,339,111,3,4.2,3.4,7.78,1,0.62
1953,326,118,3,2.8,4.8,8.5,0,0.64
1954,332,96,3,4.1,4.6,6.25,0,0.59
1955,332,80,1,2.1,4.3,8.4,0,0.7
1956,302,92,5,4.7,2.8,7.11,1,0.98
1957,306,106,4,4.3,3.6,7.16,1,0.9
1958,338,103,1,3.0,4.1,6.48,0,0.62
1959,302,86,3,2.6,4.0,9.6,1,0.64
1960,282,88,2,5.0,4.6,9.66,1,0.95
1961,282,87,4,4.3,3.8,7.33,0,0.54
1962,303,84,3,4.0,4.9,6.76,0,0.93
1963,336,111,4,4.2,3.7,8.46,0,0.99
1964,319,116,2,5.0,3.6,8.83,1,0.57
1965,308,83,3,2.6,2.9,9.71,0,0.54
1966,326,116,2,2.9,4.5,6.45,0,0.61
1967,286,114,4,3.3,4.2,7.73,1,0.64
1968,340,107,2,4.5,3.2,6.01,1,0.78
1969,316,88,1,2.9,2.6,9.75,1,0.55
1970,299,92,4,4.1,3.6,7.52,1,0.96
1971,284,94,2,2.5,4.2,7.63,1,0.65
1972,328,102,2,3.1,2.6,7.76,0,0.7
1973,336,115,4,2.6,2.2,7.72,0,0.71
1974,299,83,4,3.7,3.5,9.92,1,0.94
1975,323,110,4,3.1,3.8,7.83,0,0.99
1976,296,102,5,4.3,3.0,7.36,0,1.0
1977,322,120,5,2.6,4.8,6.73,1,0.83
1978,309,95,2,3.8,3.6,8.07,1,0.77
1979,335,120,3,3.5,4.3,9.24,0,0.83
1980,325,90,2,4.1,5.0,9.89,0,0.86
1981,306,103,5,4.4,3.4,8.48,1,0.55
1982,299,83,1,2.5,2.3,7.66,1,0.6
1983,333,84,5,2.5,3.0,9.63,1,0.53
1984,283,89,3,3.7,2.5,8.21,1,0.73
1985,309,120,2,3.2,3.9,7.4,0,0.94
1986,339,86,4,3.5,3.0,6.99,1,0.89
1987,316,110,4,3.1,4.7,9.82,1,0.93
1988,294,111,5,2.4,3.6,6.31,1,0.77
1989,328,113,3,4.3,2.3,6.33,1,0.68
1990,314,85,3,2.3,4.6,7.82,0,0.81
1991,328,109,1,2.1,3.0,8.22,0,0.62
1992,288,89,4,4.7,4.1,6.76,0,1.0
1993,320,116,3,4.1,2.6,9.46,0,0.85
1994,337,103,4,4.6,3.2,8.93,0,0.96
1995,305,102,5,4.1,4.1,6.09,1,0.67
1996,309,107,4,3.2,2.4,7.43,1,0.61
1997,314,105,4,2.6,4.7,6.78,1,0.94
1998,317,91,1,4.8,3.9,6.78,1,0.55
1999,315,115,5,4.6,3.7,8.07,1,1.0
2000,331,86,4,2.2,4.0,10.0,0,0.7
